date,group,title,id,percent,target_date
2026-04-01,User Interfaces,Franchisee Portal,franchisee-portal,0,
2026-04-01,User Interfaces,"Self-Service Franchisee tools (job applications, store info, etc.)",self-service-franchisee-tools,0,
2026-04-01,User Interfaces,KTEC/CreativeOnline Replacement (MediaValet?),ktec-creativeonline-replacement,0,
2026-04-01,User Interfaces,SharePoint (SP) On-Prem => SP Online,sharepoint-onprem-online,0,
2026-04-01,User Interfaces,POS website POSHelpNOW.com,pos-website,0,
2026-04-01,Custom Apps,Manual Sales,manual-sales,0,
2026-04-01,Custom Apps,Customer Feedback Mgr/APIs,customer-feedback-mgr-apis,0,
2026-04-01,Custom Apps,Marketing Portal,marketing-portal,0,
2026-04-01,Custom Apps,Readonly Long-term archive (DB02 sunset),readonly-archive,0,
2026-04-01,Custom Apps,Store Locator,store-locator,0,
2026-04-01,Reporting,Franchisee Reporting,franchisee-reporting,0,
2026-04-01,Reporting,Internal Reporting,internal-reporting,0,
2026-04-01,Reporting,AD Portal functions replacement,ad-portal-functions-replacement,0,
2026-04-01,Reporting,Vendor Portal functions replacement,vendor-portal-functions-replacement,0,
2026-04-01,Reporting,Automated Reports,marketing-automated-reports,0,
2026-04-01,Data Integration,Dynamics CRM Data feed,dynamics-crm-data-feed,0,
2026-04-01,Data Integration,Raw Sales (automated POS Sales),raw-sales,10,
2026-04-01,Data Integration,Data Delivers (Focus extract),data-delivers-focus,0,
2026-04-01,Data Integration,Data Delivers (NCR Silver),data-delivers-ncr-silver,0,
2026-04-01,Data Integration,Marketing Yext Extract,yext-extract,0,
2026-04-01,CRM Processes,Store Notifications,store-notifications,0,
2026-04-01,CRM Processes,Call Logs,call-logs,0,
2026-04-01,CRM Processes,Credit/Gift cards verification,credit-gift-cards-verification,0,
2026-04-01,CRM Processes,Training Status Updates,training-status-updates,0,
2026-04-01,CRM Processes,Distribution Center Updates,distribution-center-updates,0,
2026-04-01,CRM Processes,Coop Updates,coop-updates,0,
2026-04-01,CRM Processes,Franchisee review processes,franchisee-review-processes,0,
2026-04-01,CRM Processes,FDD processes,fdd-processes,0,
2026-04-01,CRM Processes,POS team tracks POS Type in Raw Sales tool,pos-team-tracks-pos-type,0,
2026-04-01,CRM Processes,POS Fees tracking,pos-fees-tracking,0,
2026-04-08,User Interfaces,Franchisee Portal,franchisee-portal,0,
2026-04-08,User Interfaces,"Self-Service Franchisee tools (job applications, store info, etc.)",self-service-franchisee-tools,0,
2026-04-08,User Interfaces,KTEC/CreativeOnline Replacement (MediaValet?),ktec-creativeonline-replacement,0,
2026-04-08,User Interfaces,SharePoint (SP) On-Prem => SP Online,sharepoint-onprem-online,0,
2026-04-08,User Interfaces,POS website POSHelpNOW.com,pos-website,0,
2026-04-08,Custom Apps,Manual Sales,manual-sales,0,
2026-04-08,Custom Apps,Customer Feedback Mgr/APIs,customer-feedback-mgr-apis,0,
2026-04-08,Custom Apps,Marketing Portal,marketing-portal,0,
2026-04-08,Custom Apps,Readonly Long-term archive (DB02 sunset),readonly-archive,0,
2026-04-08,Custom Apps,Store Locator,store-locator,0,
2026-04-08,Reporting,Franchisee Reporting,franchisee-reporting,0,
2026-04-08,Reporting,Internal Reporting,internal-reporting,0,
2026-04-08,Reporting,AD Portal functions replacement,ad-portal-functions-replacement,0,
2026-04-08,Reporting,Vendor Portal functions replacement,vendor-portal-functions-replacement,0,
2026-04-08,Reporting,Automated Reports,marketing-automated-reports,0,
2026-04-08,Data Integration,Dynamics CRM Data feed,dynamics-crm-data-feed,0,
2026-04-08,Data Integration,Raw Sales (automated POS Sales),raw-sales,0,
2026-04-08,Data Integration,Data Delivers (Focus extract),data-delivers-focus,0,
2026-04-08,Data Integration,Data Delivers (NCR Silver),data-delivers-ncr-silver,0,
2026-04-08,Data Integration,Marketing Yext Extract,yext-extract,0,
2026-04-08,CRM Processes,Store Notifications,store-notifications,0,
2026-04-08,CRM Processes,Call Logs,call-logs,0,
2026-04-08,CRM Processes,Credit/Gift cards verification,credit-gift-cards-verification,0,
2026-04-08,CRM Processes,Training Status Updates,training-status-updates,0,
2026-04-08,CRM Processes,Distribution Center Updates,distribution-center-updates,0,
2026-04-08,CRM Processes,Coop Updates,coop-updates,0,
2026-04-08,CRM Processes,Franchisee review processes,franchisee-review-processes,0,
2026-04-08,CRM Processes,FDD processes,fdd-processes,0,
2026-04-08,CRM Processes,POS team tracks POS Type in Raw Sales tool,pos-team-tracks-pos-type,0,
2026-04-08,CRM Processes,POS Fees tracking,pos-fees-tracking,0,
2026-04-15,User Interfaces,Franchisee Portal,franchisee-portal,0,
2026-04-15,User Interfaces,"Self-Service Franchisee tools (job applications, store info, etc.)",self-service-franchisee-tools,0,
2026-04-15,User Interfaces,KTEC/CreativeOnline Replacement (MediaValet?),ktec-creativeonline-replacement,0,
2026-04-15,User Interfaces,SharePoint (SP) On-Prem => SP Online,sharepoint-onprem-online,0,
2026-04-15,User Interfaces,POS website POSHelpNOW.com,pos-website,0,
2026-04-15,Custom Apps,Manual Sales,manual-sales,0,
2026-04-15,Custom Apps,Customer Feedback Mgr/APIs,customer-feedback-mgr-apis,0,
2026-04-15,Custom Apps,Marketing Portal,marketing-portal,0,
2026-04-15,Custom Apps,Readonly Long-term archive (DB02 sunset),readonly-archive,0,
2026-04-15,Custom Apps,Store Locator,store-locator,0,
2026-04-15,Reporting,Franchisee Reporting,franchisee-reporting,0,
2026-04-15,Reporting,Internal Reporting,internal-reporting,0,
2026-04-15,Reporting,AD Portal functions replacement,ad-portal-functions-replacement,0,
2026-04-15,Reporting,Vendor Portal functions replacement,vendor-portal-functions-replacement,0,
2026-04-15,Reporting,Automated Reports,marketing-automated-reports,0,
2026-04-15,Data Integration,Dynamics CRM Data feed,dynamics-crm-data-feed,0,
2026-04-15,Data Integration,Raw Sales (automated POS Sales),raw-sales,0,
2026-04-15,Data Integration,Data Delivers (Focus extract),data-delivers-focus,0,
2026-04-15,Data Integration,Data Delivers (NCR Silver),data-delivers-ncr-silver,0,
2026-04-15,Data Integration,Marketing Yext Extract,yext-extract,0,
2026-04-15,CRM Processes,Store Notifications,store-notifications,0,
2026-04-15,CRM Processes,Call Logs,call-logs,0,
2026-04-15,CRM Processes,Credit/Gift cards verification,credit-gift-cards-verification,0,
2026-04-15,CRM Processes,Training Status Updates,training-status-updates,0,
2026-04-15,CRM Processes,Distribution Center Updates,distribution-center-updates,0,
2026-04-15,CRM Processes,Coop Updates,coop-updates,0,
2026-04-15,CRM Processes,Franchisee review processes,franchisee-review-processes,0,
2026-04-15,CRM Processes,FDD processes,fdd-processes,0,
2026-04-15,CRM Processes,POS team tracks POS Type in Raw Sales tool,pos-team-tracks-pos-type,0,
2026-04-15,CRM Processes,POS Fees tracking,pos-fees-tracking,0,
2026-04-22,User Interfaces,Franchisee Portal,franchisee-portal,0,
2026-04-22,User Interfaces,"Self-Service Franchisee tools (job applications, store info, etc.)",self-service-franchisee-tools,0,
2026-04-22,User Interfaces,KTEC/CreativeOnline Replacement (MediaValet?),ktec-creativeonline-replacement,0,
2026-04-22,User Interfaces,SharePoint (SP) On-Prem => SP Online,sharepoint-onprem-online,0,
2026-04-22,User Interfaces,POS website POSHelpNOW.com,pos-website,0,
2026-04-22,Custom Apps,Manual Sales,manual-sales,0,
2026-04-22,Custom Apps,Customer Feedback Mgr/APIs,customer-feedback-mgr-apis,0,
2026-04-22,Custom Apps,Marketing Portal,marketing-portal,0,
2026-04-22,Custom Apps,Readonly Long-term archive (DB02 sunset),readonly-archive,0,
2026-04-22,Custom Apps,Store Locator,store-locator,0,
2026-04-22,Reporting,Franchisee Reporting,franchisee-reporting,0,
2026-04-22,Reporting,Internal Reporting,internal-reporting,0,
2026-04-22,Reporting,AD Portal functions replacement,ad-portal-functions-replacement,0,
2026-04-22,Reporting,Vendor Portal functions replacement,vendor-portal-functions-replacement,0,
2026-04-22,Reporting,Automated Reports,marketing-automated-reports,0,
2026-04-22,Data Integration,Dynamics CRM Data feed,dynamics-crm-data-feed,0,
2026-04-22,Data Integration,Raw Sales (automated POS Sales),raw-sales,0,
2026-04-22,Data Integration,Data Delivers (Focus extract),data-delivers-focus,0,
2026-04-22,Data Integration,Data Delivers (NCR Silver),data-delivers-ncr-silver,0,
2026-04-22,Data Integration,Marketing Yext Extract,yext-extract,0,
2026-04-22,CRM Processes,Store Notifications,store-notifications,0,
2026-04-22,CRM Processes,Call Logs,call-logs,0,
2026-04-22,CRM Processes,Credit/Gift cards verification,credit-gift-cards-verification,0,
2026-04-22,CRM Processes,Training Status Updates,training-status-updates,0,
2026-04-22,CRM Processes,Distribution Center Updates,distribution-center-updates,0,
2026-04-22,CRM Processes,Coop Updates,coop-updates,0,
2026-04-22,CRM Processes,Franchisee review processes,franchisee-review-processes,0,
2026-04-22,CRM Processes,FDD processes,fdd-processes,0,
2026-04-22,CRM Processes,POS team tracks POS Type in Raw Sales tool,pos-team-tracks-pos-type,0,
2026-04-22,CRM Processes,POS Fees tracking,pos-fees-tracking,0,
2026-04-29,User Interfaces,Franchisee Portal,franchisee-portal,0,
2026-04-29,User Interfaces,"Self-Service Franchisee tools (job applications, store info, etc.)",self-service-franchisee-tools,0,
2026-04-29,User Interfaces,KTEC/CreativeOnline Replacement (MediaValet?),ktec-creativeonline-replacement,0,
2026-04-29,User Interfaces,SharePoint (SP) On-Prem => SP Online,sharepoint-onprem-online,0,
2026-04-29,User Interfaces,POS website POSHelpNOW.com,pos-website,0,
2026-04-29,Custom Apps,Manual Sales,manual-sales,0,
2026-04-29,Custom Apps,Customer Feedback Mgr/APIs,customer-feedback-mgr-apis,0,
2026-04-29,Custom Apps,Marketing Portal,marketing-portal,0,
2026-04-29,Custom Apps,Readonly Long-term archive (DB02 sunset),readonly-archive,0,
2026-04-29,Custom Apps,Store Locator,store-locator,0,
2026-04-29,Reporting,Franchisee Reporting,franchisee-reporting,0,
2026-04-29,Reporting,Internal Reporting,internal-reporting,0,
2026-04-29,Reporting,AD Portal functions replacement,ad-portal-functions-replacement,0,
2026-04-29,Reporting,Vendor Portal functions replacement,vendor-portal-functions-replacement,0,
2026-04-29,Reporting,Automated Reports,marketing-automated-reports,0,
2026-04-29,Data Integration,Dynamics CRM Data feed,dynamics-crm-data-feed,0,
2026-04-29,Data Integration,Raw Sales (automated POS Sales),raw-sales,0,
2026-04-29,Data Integration,Data Delivers (Focus extract),data-delivers-focus,0,
2026-04-29,Data Integration,Data Delivers (NCR Silver),data-delivers-ncr-silver,0,
2026-04-29,Data Integration,Marketing Yext Extract,yext-extract,0,
2026-04-29,CRM Processes,Store Notifications,store-notifications,0,
2026-04-29,CRM Processes,Call Logs,call-logs,0,
2026-04-29,CRM Processes,Credit/Gift cards verification,credit-gift-cards-verification,0,
2026-04-29,CRM Processes,Training Status Updates,training-status-updates,0,
2026-04-29,CRM Processes,Distribution Center Updates,distribution-center-updates,0,
2026-04-29,CRM Processes,Coop Updates,coop-updates,0,
2026-04-29,CRM Processes,Franchisee review processes,franchisee-review-processes,0,
2026-04-29,CRM Processes,FDD processes,fdd-processes,0,
2026-04-29,CRM Processes,POS team tracks POS Type in Raw Sales tool,pos-team-tracks-pos-type,0,
2026-04-29,CRM Processes,POS Fees tracking,pos-fees-tracking,0,
2026-05-06,User Interfaces,Franchisee Portal,franchisee-portal,0,
2026-05-06,User Interfaces,"Self-Service Franchisee tools (job applications, store info, etc.)",self-service-franchisee-tools,0,
2026-05-06,User Interfaces,KTEC/CreativeOnline Replacement (MediaValet?),ktec-creativeonline-replacement,0,
2026-05-06,User Interfaces,SharePoint (SP) On-Prem => SP Online,sharepoint-onprem-online,0,
2026-05-06,User Interfaces,POS website POSHelpNOW.com,pos-website,0,
2026-05-06,Custom Apps,Manual Sales,manual-sales,0,
2026-05-06,Custom Apps,Customer Feedback Mgr/APIs,customer-feedback-mgr-apis,0,
2026-05-06,Custom Apps,Marketing Portal,marketing-portal,0,
2026-05-06,Custom Apps,Readonly Long-term archive (DB02 sunset),readonly-archive,0,
2026-05-06,Custom Apps,Store Locator,store-locator,0,
2026-05-06,Reporting,Franchisee Reporting,franchisee-reporting,0,
2026-05-06,Reporting,Internal Reporting,internal-reporting,0,
2026-05-06,Reporting,AD Portal functions replacement,ad-portal-functions-replacement,0,
2026-05-06,Reporting,Vendor Portal functions replacement,vendor-portal-functions-replacement,0,
2026-05-06,Reporting,Automated Reports,marketing-automated-reports,0,
2026-05-06,Data Integration,Dynamics CRM Data feed,dynamics-crm-data-feed,0,
2026-05-06,Data Integration,Raw Sales (automated POS Sales),raw-sales,0,
2026-05-06,Data Integration,Data Delivers (Focus extract),data-delivers-focus,0,
2026-05-06,Data Integration,Data Delivers (NCR Silver),data-delivers-ncr-silver,0,
2026-05-06,Data Integration,Marketing Yext Extract,yext-extract,0,
2026-05-06,CRM Processes,Store Notifications,store-notifications,0,
2026-05-06,CRM Processes,Call Logs,call-logs,0,
2026-05-06,CRM Processes,Credit/Gift cards verification,credit-gift-cards-verification,0,
2026-05-06,CRM Processes,Training Status Updates,training-status-updates,0,
2026-05-06,CRM Processes,Distribution Center Updates,distribution-center-updates,0,
2026-05-06,CRM Processes,Coop Updates,coop-updates,0,
2026-05-06,CRM Processes,Franchisee review processes,franchisee-review-processes,0,
2026-05-06,CRM Processes,FDD processes,fdd-processes,0,
2026-05-06,CRM Processes,POS team tracks POS Type in Raw Sales tool,pos-team-tracks-pos-type,0,
2026-05-06,CRM Processes,POS Fees tracking,pos-fees-tracking,0,
2026-05-13,User Interfaces,Franchisee Portal,franchisee-portal,0,
2026-05-13,User Interfaces,"Self-Service Franchisee tools (job applications, store info, etc.)",self-service-franchisee-tools,0,
2026-05-13,User Interfaces,KTEC/CreativeOnline Replacement (MediaValet?),ktec-creativeonline-replacement,0,
2026-05-13,User Interfaces,SharePoint (SP) On-Prem => SP Online,sharepoint-onprem-online,0,
2026-05-13,User Interfaces,POS website POSHelpNOW.com,pos-website,0,
2026-05-13,Custom Apps,Manual Sales,manual-sales,0,
2026-05-13,Custom Apps,Customer Feedback Mgr/APIs,customer-feedback-mgr-apis,0,
2026-05-13,Custom Apps,Marketing Portal,marketing-portal,0,
2026-05-13,Custom Apps,Readonly Long-term archive (DB02 sunset),readonly-archive,0,
2026-05-13,Custom Apps,Store Locator,store-locator,0,
2026-05-13,Reporting,Franchisee Reporting,franchisee-reporting,0,
2026-05-13,Reporting,Internal Reporting,internal-reporting,0,
2026-05-13,Reporting,AD Portal functions replacement,ad-portal-functions-replacement,0,
2026-05-13,Reporting,Vendor Portal functions replacement,vendor-portal-functions-replacement,0,
2026-05-13,Reporting,Automated Reports,marketing-automated-reports,0,
2026-05-13,Data Integration,Dynamics CRM Data feed,dynamics-crm-data-feed,0,
2026-05-13,Data Integration,Raw Sales (automated POS Sales),raw-sales,0,
2026-05-13,Data Integration,Data Delivers (Focus extract),data-delivers-focus,0,
2026-05-13,Data Integration,Data Delivers (NCR Silver),data-delivers-ncr-silver,0,
2026-05-13,Data Integration,Marketing Yext Extract,yext-extract,0,
2026-05-13,CRM Processes,Store Notifications,store-notifications,0,
2026-05-13,CRM Processes,Call Logs,call-logs,0,
2026-05-13,CRM Processes,Credit/Gift cards verification,credit-gift-cards-verification,0,
2026-05-13,CRM Processes,Training Status Updates,training-status-updates,0,
2026-05-13,CRM Processes,Distribution Center Updates,distribution-center-updates,0,
2026-05-13,CRM Processes,Coop Updates,coop-updates,0,
2026-05-13,CRM Processes,Franchisee review processes,franchisee-review-processes,0,
2026-05-13,CRM Processes,FDD processes,fdd-processes,0,
2026-05-13,CRM Processes,POS team tracks POS Type in Raw Sales tool,pos-team-tracks-pos-type,0,
2026-05-13,CRM Processes,POS Fees tracking,pos-fees-tracking,0,
2026-05-20,User Interfaces,Franchisee Portal,franchisee-portal,0,
2026-05-20,User Interfaces,"Self-Service Franchisee tools (job applications, store info, etc.)",self-service-franchisee-tools,0,
2026-05-20,User Interfaces,KTEC/CreativeOnline Replacement (MediaValet?),ktec-creativeonline-replacement,0,
2026-05-20,User Interfaces,SharePoint (SP) On-Prem => SP Online,sharepoint-onprem-online,0,
2026-05-20,User Interfaces,POS website POSHelpNOW.com,pos-website,0,
2026-05-20,Custom Apps,Manual Sales,manual-sales,0,
2026-05-20,Custom Apps,Customer Feedback Mgr/APIs,customer-feedback-mgr-apis,0,
2026-05-20,Custom Apps,Marketing Portal,marketing-portal,0,
2026-05-20,Custom Apps,Readonly Long-term archive (DB02 sunset),readonly-archive,0,
2026-05-20,Custom Apps,Store Locator,store-locator,0,
2026-05-20,Reporting,Franchisee Reporting,franchisee-reporting,0,
2026-05-20,Reporting,Internal Reporting,internal-reporting,0,
2026-05-20,Reporting,AD Portal functions replacement,ad-portal-functions-replacement,0,
2026-05-20,Reporting,Vendor Portal functions replacement,vendor-portal-functions-replacement,0,
2026-05-20,Reporting,Automated Reports,marketing-automated-reports,0,
2026-05-20,Data Integration,Dynamics CRM Data feed,dynamics-crm-data-feed,0,
2026-05-20,Data Integration,Raw Sales (automated POS Sales),raw-sales,0,
2026-05-20,Data Integration,Data Delivers (Focus extract),data-delivers-focus,0,
2026-05-20,Data Integration,Data Delivers (NCR Silver),data-delivers-ncr-silver,0,
2026-05-20,Data Integration,Marketing Yext Extract,yext-extract,0,
2026-05-20,CRM Processes,Store Notifications,store-notifications,0,
2026-05-20,CRM Processes,Call Logs,call-logs,0,
2026-05-20,CRM Processes,Credit/Gift cards verification,credit-gift-cards-verification,0,
2026-05-20,CRM Processes,Training Status Updates,training-status-updates,0,
2026-05-20,CRM Processes,Distribution Center Updates,distribution-center-updates,0,
2026-05-20,CRM Processes,Coop Updates,coop-updates,0,
2026-05-20,CRM Processes,Franchisee review processes,franchisee-review-processes,0,
2026-05-20,CRM Processes,FDD processes,fdd-processes,0,
2026-05-20,CRM Processes,POS team tracks POS Type in Raw Sales tool,pos-team-tracks-pos-type,0,
2026-05-20,CRM Processes,POS Fees tracking,pos-fees-tracking,0,
2026-05-27,User Interfaces,Franchisee Portal,franchisee-portal,0,
2026-05-27,User Interfaces,"Self-Service Franchisee tools (job applications, store info, etc.)",self-service-franchisee-tools,0,
2026-05-27,User Interfaces,KTEC/CreativeOnline Replacement (MediaValet?),ktec-creativeonline-replacement,0,
2026-05-27,User Interfaces,SharePoint (SP) On-Prem => SP Online,sharepoint-onprem-online,0,
2026-05-27,User Interfaces,POS website POSHelpNOW.com,pos-website,0,
2026-05-27,Custom Apps,Manual Sales,manual-sales,0,
2026-05-27,Custom Apps,Customer Feedback Mgr/APIs,customer-feedback-mgr-apis,0,
2026-05-27,Custom Apps,Marketing Portal,marketing-portal,0,
2026-05-27,Custom Apps,Readonly Long-term archive (DB02 sunset),readonly-archive,0,
2026-05-27,Custom Apps,Store Locator,store-locator,0,
2026-05-27,Reporting,Franchisee Reporting,franchisee-reporting,0,
2026-05-27,Reporting,Internal Reporting,internal-reporting,0,
2026-05-27,Reporting,AD Portal functions replacement,ad-portal-functions-replacement,0,
2026-05-27,Reporting,Vendor Portal functions replacement,vendor-portal-functions-replacement,0,
2026-05-27,Reporting,Automated Reports,marketing-automated-reports,0,
2026-05-27,Data Integration,Dynamics CRM Data feed,dynamics-crm-data-feed,0,
2026-05-27,Data Integration,Raw Sales (automated POS Sales),raw-sales,0,
2026-05-27,Data Integration,Data Delivers (Focus extract),data-delivers-focus,0,
2026-05-27,Data Integration,Data Delivers (NCR Silver),data-delivers-ncr-silver,0,
2026-05-27,Data Integration,Marketing Yext Extract,yext-extract,0,
2026-05-27,CRM Processes,Store Notifications,store-notifications,0,
2026-05-27,CRM Processes,Call Logs,call-logs,0,
2026-05-27,CRM Processes,Credit/Gift cards verification,credit-gift-cards-verification,0,
2026-05-27,CRM Processes,Training Status Updates,training-status-updates,0,
2026-05-27,CRM Processes,Distribution Center Updates,distribution-center-updates,0,
2026-05-27,CRM Processes,Coop Updates,coop-updates,0,
2026-05-27,CRM Processes,Franchisee review processes,franchisee-review-processes,0,
2026-05-27,CRM Processes,FDD processes,fdd-processes,0,
2026-05-27,CRM Processes,POS team tracks POS Type in Raw Sales tool,pos-team-tracks-pos-type,0,
2026-05-27,CRM Processes,POS Fees tracking,pos-fees-tracking,0,
2026-06-03,User Interfaces,Franchisee Portal,franchisee-portal,0,
2026-06-03,User Interfaces,"Self-Service Franchisee tools (job applications, store info, etc.)",self-service-franchisee-tools,0,
2026-06-03,User Interfaces,KTEC/CreativeOnline Replacement (MediaValet?),ktec-creativeonline-replacement,0,
2026-06-03,User Interfaces,SharePoint (SP) On-Prem => SP Online,sharepoint-onprem-online,0,
2026-06-03,User Interfaces,POS website POSHelpNOW.com,pos-website,0,
2026-06-03,Custom Apps,Manual Sales,manual-sales,0,
2026-06-03,Custom Apps,Customer Feedback Mgr/APIs,customer-feedback-mgr-apis,0,
2026-06-03,Custom Apps,Marketing Portal,marketing-portal,0,
2026-06-03,Custom Apps,Readonly Long-term archive (DB02 sunset),readonly-archive,0,
2026-06-03,Custom Apps,Store Locator,store-locator,0,
2026-06-03,Reporting,Franchisee Reporting,franchisee-reporting,0,
2026-06-03,Reporting,Internal Reporting,internal-reporting,0,
2026-06-03,Reporting,AD Portal functions replacement,ad-portal-functions-replacement,0,
2026-06-03,Reporting,Vendor Portal functions replacement,vendor-portal-functions-replacement,0,
2026-06-03,Reporting,Automated Reports,marketing-automated-reports,0,
2026-06-03,Data Integration,Dynamics CRM Data feed,dynamics-crm-data-feed,0,
2026-06-03,Data Integration,Raw Sales (automated POS Sales),raw-sales,0,
2026-06-03,Data Integration,Data Delivers (Focus extract),data-delivers-focus,0,
2026-06-03,Data Integration,Data Delivers (NCR Silver),data-delivers-ncr-silver,0,
2026-06-03,Data Integration,Marketing Yext Extract,yext-extract,0,
2026-06-03,CRM Processes,Store Notifications,store-notifications,0,
2026-06-03,CRM Processes,Call Logs,call-logs,0,
2026-06-03,CRM Processes,Credit/Gift cards verification,credit-gift-cards-verification,0,
2026-06-03,CRM Processes,Training Status Updates,training-status-updates,0,
2026-06-03,CRM Processes,Distribution Center Updates,distribution-center-updates,0,
2026-06-03,CRM Processes,Coop Updates,coop-updates,0,
2026-06-03,CRM Processes,Franchisee review processes,franchisee-review-processes,0,
2026-06-03,CRM Processes,FDD processes,fdd-processes,0,
2026-06-03,CRM Processes,POS team tracks POS Type in Raw Sales tool,pos-team-tracks-pos-type,0,
2026-06-03,CRM Processes,POS Fees tracking,pos-fees-tracking,0,
2026-06-10,User Interfaces,Franchisee Portal,franchisee-portal,0,
2026-06-10,User Interfaces,"Self-Service Franchisee tools (job applications, store info, etc.)",self-service-franchisee-tools,0,
2026-06-10,User Interfaces,KTEC/CreativeOnline Replacement (MediaValet?),ktec-creativeonline-replacement,0,
2026-06-10,User Interfaces,SharePoint (SP) On-Prem => SP Online,sharepoint-onprem-online,0,
2026-06-10,User Interfaces,POS website POSHelpNOW.com,pos-website,0,
2026-06-10,Custom Apps,Manual Sales,manual-sales,0,
2026-06-10,Custom Apps,Customer Feedback Mgr/APIs,customer-feedback-mgr-apis,0,
2026-06-10,Custom Apps,Marketing Portal,marketing-portal,0,
2026-06-10,Custom Apps,Readonly Long-term archive (DB02 sunset),readonly-archive,0,
2026-06-10,Custom Apps,Store Locator,store-locator,0,
2026-06-10,Reporting,Franchisee Reporting,franchisee-reporting,0,
2026-06-10,Reporting,Internal Reporting,internal-reporting,0,
2026-06-10,Reporting,AD Portal functions replacement,ad-portal-functions-replacement,0,
2026-06-10,Reporting,Vendor Portal functions replacement,vendor-portal-functions-replacement,0,
2026-06-10,Reporting,Automated Reports,marketing-automated-reports,0,
2026-06-10,Data Integration,Dynamics CRM Data feed,dynamics-crm-data-feed,0,
2026-06-10,Data Integration,Raw Sales (automated POS Sales),raw-sales,0,
2026-06-10,Data Integration,Data Delivers (Focus extract),data-delivers-focus,0,
2026-06-10,Data Integration,Data Delivers (NCR Silver),data-delivers-ncr-silver,0,
2026-06-10,Data Integration,Marketing Yext Extract,yext-extract,0,
2026-06-10,CRM Processes,Store Notifications,store-notifications,0,
2026-06-10,CRM Processes,Call Logs,call-logs,0,
2026-06-10,CRM Processes,Credit/Gift cards verification,credit-gift-cards-verification,0,
2026-06-10,CRM Processes,Training Status Updates,training-status-updates,0,
2026-06-10,CRM Processes,Distribution Center Updates,distribution-center-updates,0,
2026-06-10,CRM Processes,Coop Updates,coop-updates,0,
2026-06-10,CRM Processes,Franchisee review processes,franchisee-review-processes,0,
2026-06-10,CRM Processes,FDD processes,fdd-processes,0,
2026-06-10,CRM Processes,POS team tracks POS Type in Raw Sales tool,pos-team-tracks-pos-type,0,
2026-06-10,CRM Processes,POS Fees tracking,pos-fees-tracking,0,
2026-06-17,User Interfaces,Franchisee Portal,franchisee-portal,0,
2026-06-17,User Interfaces,"Self-Service Franchisee tools (job applications, store info, etc.)",self-service-franchisee-tools,0,
2026-06-17,User Interfaces,KTEC/CreativeOnline Replacement (MediaValet?),ktec-creativeonline-replacement,0,
2026-06-17,User Interfaces,SharePoint (SP) On-Prem => SP Online,sharepoint-onprem-online,0,
2026-06-17,User Interfaces,POS website POSHelpNOW.com,pos-website,0,
2026-06-17,Custom Apps,Manual Sales,manual-sales,0,
2026-06-17,Custom Apps,Customer Feedback Mgr/APIs,customer-feedback-mgr-apis,0,
2026-06-17,Custom Apps,Marketing Portal,marketing-portal,0,
2026-06-17,Custom Apps,Readonly Long-term archive (DB02 sunset),readonly-archive,0,
2026-06-17,Custom Apps,Store Locator,store-locator,0,
2026-06-17,Reporting,Franchisee Reporting,franchisee-reporting,0,
2026-06-17,Reporting,Internal Reporting,internal-reporting,0,
2026-06-17,Reporting,AD Portal functions replacement,ad-portal-functions-replacement,0,
2026-06-17,Reporting,Vendor Portal functions replacement,vendor-portal-functions-replacement,0,
2026-06-17,Reporting,Automated Reports,marketing-automated-reports,0,
2026-06-17,Data Integration,Dynamics CRM Data feed,dynamics-crm-data-feed,0,
2026-06-17,Data Integration,Raw Sales (automated POS Sales),raw-sales,0,
2026-06-17,Data Integration,Data Delivers (Focus extract),data-delivers-focus,0,
2026-06-17,Data Integration,Data Delivers (NCR Silver),data-delivers-ncr-silver,0,
2026-06-17,Data Integration,Marketing Yext Extract,yext-extract,0,
2026-06-17,CRM Processes,Store Notifications,store-notifications,0,
2026-06-17,CRM Processes,Call Logs,call-logs,0,
2026-06-17,CRM Processes,Credit/Gift cards verification,credit-gift-cards-verification,0,
2026-06-17,CRM Processes,Training Status Updates,training-status-updates,0,
2026-06-17,CRM Processes,Distribution Center Updates,distribution-center-updates,0,
2026-06-17,CRM Processes,Coop Updates,coop-updates,0,
2026-06-17,CRM Processes,Franchisee review processes,franchisee-review-processes,0,
2026-06-17,CRM Processes,FDD processes,fdd-processes,0,
2026-06-17,CRM Processes,POS team tracks POS Type in Raw Sales tool,pos-team-tracks-pos-type,0,
2026-06-17,CRM Processes,POS Fees tracking,pos-fees-tracking,0,
2026-06-24,User Interfaces,Franchisee Portal,franchisee-portal,0,
2026-06-24,User Interfaces,"Self-Service Franchisee tools (job applications, store info, etc.)",self-service-franchisee-tools,0,
2026-06-24,User Interfaces,KTEC/CreativeOnline Replacement (MediaValet?),ktec-creativeonline-replacement,0,
2026-06-24,User Interfaces,SharePoint (SP) On-Prem => SP Online,sharepoint-onprem-online,0,
2026-06-24,User Interfaces,POS website POSHelpNOW.com,pos-website,0,
2026-06-24,Custom Apps,Manual Sales,manual-sales,0,
2026-06-24,Custom Apps,Customer Feedback Mgr/APIs,customer-feedback-mgr-apis,0,
2026-06-24,Custom Apps,Marketing Portal,marketing-portal,0,
2026-06-24,Custom Apps,Readonly Long-term archive (DB02 sunset),readonly-archive,0,
2026-06-24,Custom Apps,Store Locator,store-locator,0,
2026-06-24,Reporting,Franchisee Reporting,franchisee-reporting,0,
2026-06-24,Reporting,Internal Reporting,internal-reporting,0,
2026-06-24,Reporting,AD Portal functions replacement,ad-portal-functions-replacement,0,
2026-06-24,Reporting,Vendor Portal functions replacement,vendor-portal-functions-replacement,0,
2026-06-24,Reporting,Automated Reports,marketing-automated-reports,0,
2026-06-24,Data Integration,Dynamics CRM Data feed,dynamics-crm-data-feed,0,
2026-06-24,Data Integration,Raw Sales (automated POS Sales),raw-sales,0,
2026-06-24,Data Integration,Data Delivers (Focus extract),data-delivers-focus,0,
2026-06-24,Data Integration,Data Delivers (NCR Silver),data-delivers-ncr-silver,0,
2026-06-24,Data Integration,Marketing Yext Extract,yext-extract,0,
2026-06-24,CRM Processes,Store Notifications,store-notifications,0,
2026-06-24,CRM Processes,Call Logs,call-logs,0,
2026-06-24,CRM Processes,Credit/Gift cards verification,credit-gift-cards-verification,0,
2026-06-24,CRM Processes,Training Status Updates,training-status-updates,0,
2026-06-24,CRM Processes,Distribution Center Updates,distribution-center-updates,0,
2026-06-24,CRM Processes,Coop Updates,coop-updates,0,
2026-06-24,CRM Processes,Franchisee review processes,franchisee-review-processes,0,
2026-06-24,CRM Processes,FDD processes,fdd-processes,0,
2026-06-24,CRM Processes,POS team tracks POS Type in Raw Sales tool,pos-team-tracks-pos-type,0,
2026-06-24,CRM Processes,POS Fees tracking,pos-fees-tracking,0,
2026-07-01,User Interfaces,Franchisee Portal,franchisee-portal,0,
2026-07-01,User Interfaces,"Self-Service Franchisee tools (job applications, store info, etc.)",self-service-franchisee-tools,0,
2026-07-01,User Interfaces,KTEC/CreativeOnline Replacement (MediaValet?),ktec-creativeonline-replacement,0,
2026-07-01,User Interfaces,SharePoint (SP) On-Prem => SP Online,sharepoint-onprem-online,0,
2026-07-01,User Interfaces,POS website POSHelpNOW.com,pos-website,0,
2026-07-01,Custom Apps,Manual Sales,manual-sales,0,
2026-07-01,Custom Apps,Customer Feedback Mgr/APIs,customer-feedback-mgr-apis,0,
2026-07-01,Custom Apps,Marketing Portal,marketing-portal,0,
2026-07-01,Custom Apps,Readonly Long-term archive (DB02 sunset),readonly-archive,0,
2026-07-01,Custom Apps,Store Locator,store-locator,0,
2026-07-01,Reporting,Franchisee Reporting,franchisee-reporting,0,
2026-07-01,Reporting,Internal Reporting,internal-reporting,0,
2026-07-01,Reporting,AD Portal functions replacement,ad-portal-functions-replacement,0,
2026-07-01,Reporting,Vendor Portal functions replacement,vendor-portal-functions-replacement,0,
2026-07-01,Reporting,Automated Reports,marketing-automated-reports,0,
2026-07-01,Data Integration,Dynamics CRM Data feed,dynamics-crm-data-feed,0,
2026-07-01,Data Integration,Raw Sales (automated POS Sales),raw-sales,0,
2026-07-01,Data Integration,Data Delivers (Focus extract),data-delivers-focus,0,
2026-07-01,Data Integration,Data Delivers (NCR Silver),data-delivers-ncr-silver,0,
2026-07-01,Data Integration,Marketing Yext Extract,yext-extract,0,
2026-07-01,CRM Processes,Store Notifications,store-notifications,0,
2026-07-01,CRM Processes,Call Logs,call-logs,0,
2026-07-01,CRM Processes,Credit/Gift cards verification,credit-gift-cards-verification,0,
2026-07-01,CRM Processes,Training Status Updates,training-status-updates,0,
2026-07-01,CRM Processes,Distribution Center Updates,distribution-center-updates,0,
2026-07-01,CRM Processes,Coop Updates,coop-updates,0,
2026-07-01,CRM Processes,Franchisee review processes,franchisee-review-processes,0,
2026-07-01,CRM Processes,FDD processes,fdd-processes,0,
2026-07-01,CRM Processes,POS team tracks POS Type in Raw Sales tool,pos-team-tracks-pos-type,0,
2026-07-01,CRM Processes,POS Fees tracking,pos-fees-tracking,0,
2026-07-08,User Interfaces,Franchisee Portal,franchisee-portal,0,
2026-07-08,User Interfaces,"Self-Service Franchisee tools (job applications, store info, etc.)",self-service-franchisee-tools,0,
2026-07-08,User Interfaces,KTEC/CreativeOnline Replacement (MediaValet?),ktec-creativeonline-replacement,0,
2026-07-08,User Interfaces,SharePoint (SP) On-Prem => SP Online,sharepoint-onprem-online,0,
2026-07-08,User Interfaces,POS website POSHelpNOW.com,pos-website,0,
2026-07-08,Custom Apps,Manual Sales,manual-sales,0,
2026-07-08,Custom Apps,Customer Feedback Mgr/APIs,customer-feedback-mgr-apis,0,
2026-07-08,Custom Apps,Marketing Portal,marketing-portal,0,
2026-07-08,Custom Apps,Readonly Long-term archive (DB02 sunset),readonly-archive,0,
2026-07-08,Custom Apps,Store Locator,store-locator,0,
2026-07-08,Reporting,Franchisee Reporting,franchisee-reporting,0,
2026-07-08,Reporting,Internal Reporting,internal-reporting,0,
2026-07-08,Reporting,AD Portal functions replacement,ad-portal-functions-replacement,0,
2026-07-08,Reporting,Vendor Portal functions replacement,vendor-portal-functions-replacement,0,
2026-07-08,Reporting,Automated Reports,marketing-automated-reports,0,
2026-07-08,Data Integration,Dynamics CRM Data feed,dynamics-crm-data-feed,0,
2026-07-08,Data Integration,Raw Sales (automated POS Sales),raw-sales,0,
2026-07-08,Data Integration,Data Delivers (Focus extract),data-delivers-focus,0,
2026-07-08,Data Integration,Data Delivers (NCR Silver),data-delivers-ncr-silver,0,
2026-07-08,Data Integration,Marketing Yext Extract,yext-extract,0,
2026-07-08,CRM Processes,Store Notifications,store-notifications,0,
2026-07-08,CRM Processes,Call Logs,call-logs,0,
2026-07-08,CRM Processes,Credit/Gift cards verification,credit-gift-cards-verification,0,
2026-07-08,CRM Processes,Training Status Updates,training-status-updates,0,
2026-07-08,CRM Processes,Distribution Center Updates,distribution-center-updates,0,
2026-07-08,CRM Processes,Coop Updates,coop-updates,0,
2026-07-08,CRM Processes,Franchisee review processes,franchisee-review-processes,0,
2026-07-08,CRM Processes,FDD processes,fdd-processes,0,
2026-07-08,CRM Processes,POS team tracks POS Type in Raw Sales tool,pos-team-tracks-pos-type,0,
2026-07-08,CRM Processes,POS Fees tracking,pos-fees-tracking,0,
2026-07-15,User Interfaces,Franchisee Portal,franchisee-portal,0,
2026-07-15,User Interfaces,"Self-Service Franchisee tools (job applications, store info, etc.)",self-service-franchisee-tools,0,
2026-07-15,User Interfaces,KTEC/CreativeOnline Replacement (MediaValet?),ktec-creativeonline-replacement,0,
2026-07-15,User Interfaces,SharePoint (SP) On-Prem => SP Online,sharepoint-onprem-online,0,
2026-07-15,User Interfaces,POS website POSHelpNOW.com,pos-website,0,
2026-07-15,Custom Apps,Manual Sales,manual-sales,0,
2026-07-15,Custom Apps,Customer Feedback Mgr/APIs,customer-feedback-mgr-apis,0,
2026-07-15,Custom Apps,Marketing Portal,marketing-portal,0,
2026-07-15,Custom Apps,Readonly Long-term archive (DB02 sunset),readonly-archive,0,
2026-07-15,Custom Apps,Store Locator,store-locator,0,
2026-07-15,Reporting,Franchisee Reporting,franchisee-reporting,0,
2026-07-15,Reporting,Internal Reporting,internal-reporting,0,
2026-07-15,Reporting,AD Portal functions replacement,ad-portal-functions-replacement,0,
2026-07-15,Reporting,Vendor Portal functions replacement,vendor-portal-functions-replacement,0,
2026-07-15,Reporting,Automated Reports,marketing-automated-reports,0,
2026-07-15,Data Integration,Dynamics CRM Data feed,dynamics-crm-data-feed,0,
2026-07-15,Data Integration,Raw Sales (automated POS Sales),raw-sales,0,
2026-07-15,Data Integration,Data Delivers (Focus extract),data-delivers-focus,0,
2026-07-15,Data Integration,Data Delivers (NCR Silver),data-delivers-ncr-silver,0,
2026-07-15,Data Integration,Marketing Yext Extract,yext-extract,0,
2026-07-15,CRM Processes,Store Notifications,store-notifications,0,
2026-07-15,CRM Processes,Call Logs,call-logs,0,
2026-07-15,CRM Processes,Credit/Gift cards verification,credit-gift-cards-verification,0,
2026-07-15,CRM Processes,Training Status Updates,training-status-updates,0,
2026-07-15,CRM Processes,Distribution Center Updates,distribution-center-updates,0,
2026-07-15,CRM Processes,Coop Updates,coop-updates,0,
2026-07-15,CRM Processes,Franchisee review processes,franchisee-review-processes,0,
2026-07-15,CRM Processes,FDD processes,fdd-processes,0,
2026-07-15,CRM Processes,POS team tracks POS Type in Raw Sales tool,pos-team-tracks-pos-type,0,
2026-07-15,CRM Processes,POS Fees tracking,pos-fees-tracking,0,
2026-07-22,User Interfaces,Franchisee Portal,franchisee-portal,0,
2026-07-22,User Interfaces,"Self-Service Franchisee tools (job applications, store info, etc.)",self-service-franchisee-tools,0,
2026-07-22,User Interfaces,KTEC/CreativeOnline Replacement (MediaValet?),ktec-creativeonline-replacement,0,
2026-07-22,User Interfaces,SharePoint (SP) On-Prem => SP Online,sharepoint-onprem-online,0,
2026-07-22,User Interfaces,POS website POSHelpNOW.com,pos-website,0,
2026-07-22,Custom Apps,Manual Sales,manual-sales,0,
2026-07-22,Custom Apps,Customer Feedback Mgr/APIs,customer-feedback-mgr-apis,0,
2026-07-22,Custom Apps,Marketing Portal,marketing-portal,0,
2026-07-22,Custom Apps,Readonly Long-term archive (DB02 sunset),readonly-archive,0,
2026-07-22,Custom Apps,Store Locator,store-locator,0,
2026-07-22,Reporting,Franchisee Reporting,franchisee-reporting,0,
2026-07-22,Reporting,Internal Reporting,internal-reporting,0,
2026-07-22,Reporting,AD Portal functions replacement,ad-portal-functions-replacement,0,
2026-07-22,Reporting,Vendor Portal functions replacement,vendor-portal-functions-replacement,0,
2026-07-22,Reporting,Automated Reports,marketing-automated-reports,0,
2026-07-22,Data Integration,Dynamics CRM Data feed,dynamics-crm-data-feed,0,
2026-07-22,Data Integration,Raw Sales (automated POS Sales),raw-sales,0,
2026-07-22,Data Integration,Data Delivers (Focus extract),data-delivers-focus,0,
2026-07-22,Data Integration,Data Delivers (NCR Silver),data-delivers-ncr-silver,0,
2026-07-22,Data Integration,Marketing Yext Extract,yext-extract,0,
2026-07-22,CRM Processes,Store Notifications,store-notifications,0,
2026-07-22,CRM Processes,Call Logs,call-logs,0,
2026-07-22,CRM Processes,Credit/Gift cards verification,credit-gift-cards-verification,0,
2026-07-22,CRM Processes,Training Status Updates,training-status-updates,0,
2026-07-22,CRM Processes,Distribution Center Updates,distribution-center-updates,0,
2026-07-22,CRM Processes,Coop Updates,coop-updates,0,
2026-07-22,CRM Processes,Franchisee review processes,franchisee-review-processes,0,
2026-07-22,CRM Processes,FDD processes,fdd-processes,0,
2026-07-22,CRM Processes,POS team tracks POS Type in Raw Sales tool,pos-team-tracks-pos-type,0,
2026-07-22,CRM Processes,POS Fees tracking,pos-fees-tracking,0,
2026-07-29,User Interfaces,Franchisee Portal,franchisee-portal,0,
2026-07-29,User Interfaces,"Self-Service Franchisee tools (job applications, store info, etc.)",self-service-franchisee-tools,0,
2026-07-29,User Interfaces,KTEC/CreativeOnline Replacement (MediaValet?),ktec-creativeonline-replacement,0,
2026-07-29,User Interfaces,SharePoint (SP) On-Prem => SP Online,sharepoint-onprem-online,0,
2026-07-29,User Interfaces,POS website POSHelpNOW.com,pos-website,0,
2026-07-29,Custom Apps,Manual Sales,manual-sales,0,
2026-07-29,Custom Apps,Customer Feedback Mgr/APIs,customer-feedback-mgr-apis,0,
2026-07-29,Custom Apps,Marketing Portal,marketing-portal,0,
2026-07-29,Custom Apps,Readonly Long-term archive (DB02 sunset),readonly-archive,0,
2026-07-29,Custom Apps,Store Locator,store-locator,0,
2026-07-29,Reporting,Franchisee Reporting,franchisee-reporting,0,
2026-07-29,Reporting,Internal Reporting,internal-reporting,0,
2026-07-29,Reporting,AD Portal functions replacement,ad-portal-functions-replacement,0,
2026-07-29,Reporting,Vendor Portal functions replacement,vendor-portal-functions-replacement,0,
2026-07-29,Reporting,Automated Reports,marketing-automated-reports,0,
2026-07-29,Data Integration,Dynamics CRM Data feed,dynamics-crm-data-feed,0,
2026-07-29,Data Integration,Raw Sales (automated POS Sales),raw-sales,0,
2026-07-29,Data Integration,Data Delivers (Focus extract),data-delivers-focus,0,
2026-07-29,Data Integration,Data Delivers (NCR Silver),data-delivers-ncr-silver,0,
2026-07-29,Data Integration,Marketing Yext Extract,yext-extract,0,
2026-07-29,CRM Processes,Store Notifications,store-notifications,0,
2026-07-29,CRM Processes,Call Logs,call-logs,0,
2026-07-29,CRM Processes,Credit/Gift cards verification,credit-gift-cards-verification,0,
2026-07-29,CRM Processes,Training Status Updates,training-status-updates,0,
2026-07-29,CRM Processes,Distribution Center Updates,distribution-center-updates,0,
2026-07-29,CRM Processes,Coop Updates,coop-updates,0,
2026-07-29,CRM Processes,Franchisee review processes,franchisee-review-processes,0,
2026-07-29,CRM Processes,FDD processes,fdd-processes,0,
2026-07-29,CRM Processes,POS team tracks POS Type in Raw Sales tool,pos-team-tracks-pos-type,0,
2026-07-29,CRM Processes,POS Fees tracking,pos-fees-tracking,0,
2026-08-05,User Interfaces,Franchisee Portal,franchisee-portal,0,
2026-08-05,User Interfaces,"Self-Service Franchisee tools (job applications, store info, etc.)",self-service-franchisee-tools,0,
2026-08-05,User Interfaces,KTEC/CreativeOnline Replacement (MediaValet?),ktec-creativeonline-replacement,0,
2026-08-05,User Interfaces,SharePoint (SP) On-Prem => SP Online,sharepoint-onprem-online,0,
2026-08-05,User Interfaces,POS website POSHelpNOW.com,pos-website,0,
2026-08-05,Custom Apps,Manual Sales,manual-sales,0,
2026-08-05,Custom Apps,Customer Feedback Mgr/APIs,customer-feedback-mgr-apis,0,
2026-08-05,Custom Apps,Marketing Portal,marketing-portal,0,
2026-08-05,Custom Apps,Readonly Long-term archive (DB02 sunset),readonly-archive,0,
2026-08-05,Custom Apps,Store Locator,store-locator,0,
2026-08-05,Reporting,Franchisee Reporting,franchisee-reporting,0,
2026-08-05,Reporting,Internal Reporting,internal-reporting,0,
2026-08-05,Reporting,AD Portal functions replacement,ad-portal-functions-replacement,0,
2026-08-05,Reporting,Vendor Portal functions replacement,vendor-portal-functions-replacement,0,
2026-08-05,Reporting,Automated Reports,marketing-automated-reports,0,
2026-08-05,Data Integration,Dynamics CRM Data feed,dynamics-crm-data-feed,0,
2026-08-05,Data Integration,Raw Sales (automated POS Sales),raw-sales,0,
2026-08-05,Data Integration,Data Delivers (Focus extract),data-delivers-focus,0,
2026-08-05,Data Integration,Data Delivers (NCR Silver),data-delivers-ncr-silver,0,
2026-08-05,Data Integration,Marketing Yext Extract,yext-extract,0,
2026-08-05,CRM Processes,Store Notifications,store-notifications,0,
2026-08-05,CRM Processes,Call Logs,call-logs,0,
2026-08-05,CRM Processes,Credit/Gift cards verification,credit-gift-cards-verification,0,
2026-08-05,CRM Processes,Training Status Updates,training-status-updates,0,
2026-08-05,CRM Processes,Distribution Center Updates,distribution-center-updates,0,
2026-08-05,CRM Processes,Coop Updates,coop-updates,0,
2026-08-05,CRM Processes,Franchisee review processes,franchisee-review-processes,0,
2026-08-05,CRM Processes,FDD processes,fdd-processes,0,
2026-08-05,CRM Processes,POS team tracks POS Type in Raw Sales tool,pos-team-tracks-pos-type,0,
2026-08-05,CRM Processes,POS Fees tracking,pos-fees-tracking,0,
2026-08-12,User Interfaces,Franchisee Portal,franchisee-portal,0,
2026-08-12,User Interfaces,"Self-Service Franchisee tools (job applications, store info, etc.)",self-service-franchisee-tools,0,
2026-08-12,User Interfaces,KTEC/CreativeOnline Replacement (MediaValet?),ktec-creativeonline-replacement,0,
2026-08-12,User Interfaces,SharePoint (SP) On-Prem => SP Online,sharepoint-onprem-online,0,
2026-08-12,User Interfaces,POS website POSHelpNOW.com,pos-website,0,
2026-08-12,Custom Apps,Manual Sales,manual-sales,0,
2026-08-12,Custom Apps,Customer Feedback Mgr/APIs,customer-feedback-mgr-apis,0,
2026-08-12,Custom Apps,Marketing Portal,marketing-portal,0,
2026-08-12,Custom Apps,Readonly Long-term archive (DB02 sunset),readonly-archive,0,
2026-08-12,Custom Apps,Store Locator,store-locator,0,
2026-08-12,Reporting,Franchisee Reporting,franchisee-reporting,0,
2026-08-12,Reporting,Internal Reporting,internal-reporting,0,
2026-08-12,Reporting,AD Portal functions replacement,ad-portal-functions-replacement,0,
2026-08-12,Reporting,Vendor Portal functions replacement,vendor-portal-functions-replacement,0,
2026-08-12,Reporting,Automated Reports,marketing-automated-reports,0,
2026-08-12,Data Integration,Dynamics CRM Data feed,dynamics-crm-data-feed,0,
2026-08-12,Data Integration,Raw Sales (automated POS Sales),raw-sales,0,
2026-08-12,Data Integration,Data Delivers (Focus extract),data-delivers-focus,0,
2026-08-12,Data Integration,Data Delivers (NCR Silver),data-delivers-ncr-silver,0,
2026-08-12,Data Integration,Marketing Yext Extract,yext-extract,0,
2026-08-12,CRM Processes,Store Notifications,store-notifications,0,
2026-08-12,CRM Processes,Call Logs,call-logs,0,
2026-08-12,CRM Processes,Credit/Gift cards verification,credit-gift-cards-verification,0,
2026-08-12,CRM Processes,Training Status Updates,training-status-updates,0,
2026-08-12,CRM Processes,Distribution Center Updates,distribution-center-updates,0,
2026-08-12,CRM Processes,Coop Updates,coop-updates,0,
2026-08-12,CRM Processes,Franchisee review processes,franchisee-review-processes,0,
2026-08-12,CRM Processes,FDD processes,fdd-processes,0,
2026-08-12,CRM Processes,POS team tracks POS Type in Raw Sales tool,pos-team-tracks-pos-type,0,
2026-08-12,CRM Processes,POS Fees tracking,pos-fees-tracking,0,
2026-08-19,User Interfaces,Franchisee Portal,franchisee-portal,0,
2026-08-19,User Interfaces,"Self-Service Franchisee tools (job applications, store info, etc.)",self-service-franchisee-tools,0,
2026-08-19,User Interfaces,KTEC/CreativeOnline Replacement (MediaValet?),ktec-creativeonline-replacement,0,
2026-08-19,User Interfaces,SharePoint (SP) On-Prem => SP Online,sharepoint-onprem-online,0,
2026-08-19,User Interfaces,POS website POSHelpNOW.com,pos-website,0,
2026-08-19,Custom Apps,Manual Sales,manual-sales,0,
2026-08-19,Custom Apps,Customer Feedback Mgr/APIs,customer-feedback-mgr-apis,0,
2026-08-19,Custom Apps,Marketing Portal,marketing-portal,0,
2026-08-19,Custom Apps,Readonly Long-term archive (DB02 sunset),readonly-archive,0,
2026-08-19,Custom Apps,Store Locator,store-locator,0,
2026-08-19,Reporting,Franchisee Reporting,franchisee-reporting,0,
2026-08-19,Reporting,Internal Reporting,internal-reporting,0,
2026-08-19,Reporting,AD Portal functions replacement,ad-portal-functions-replacement,0,
2026-08-19,Reporting,Vendor Portal functions replacement,vendor-portal-functions-replacement,0,
2026-08-19,Reporting,Automated Reports,marketing-automated-reports,0,
2026-08-19,Data Integration,Dynamics CRM Data feed,dynamics-crm-data-feed,0,
2026-08-19,Data Integration,Raw Sales (automated POS Sales),raw-sales,0,
2026-08-19,Data Integration,Data Delivers (Focus extract),data-delivers-focus,0,
2026-08-19,Data Integration,Data Delivers (NCR Silver),data-delivers-ncr-silver,0,
2026-08-19,Data Integration,Marketing Yext Extract,yext-extract,0,
2026-08-19,CRM Processes,Store Notifications,store-notifications,0,
2026-08-19,CRM Processes,Call Logs,call-logs,0,
2026-08-19,CRM Processes,Credit/Gift cards verification,credit-gift-cards-verification,0,
2026-08-19,CRM Processes,Training Status Updates,training-status-updates,0,
2026-08-19,CRM Processes,Distribution Center Updates,distribution-center-updates,0,
2026-08-19,CRM Processes,Coop Updates,coop-updates,0,
2026-08-19,CRM Processes,Franchisee review processes,franchisee-review-processes,0,
2026-08-19,CRM Processes,FDD processes,fdd-processes,0,
2026-08-19,CRM Processes,POS team tracks POS Type in Raw Sales tool,pos-team-tracks-pos-type,0,
2026-08-19,CRM Processes,POS Fees tracking,pos-fees-tracking,0,
2026-08-26,User Interfaces,Franchisee Portal,franchisee-portal,0,
2026-08-26,User Interfaces,"Self-Service Franchisee tools (job applications, store info, etc.)",self-service-franchisee-tools,0,
2026-08-26,User Interfaces,KTEC/CreativeOnline Replacement (MediaValet?),ktec-creativeonline-replacement,0,
2026-08-26,User Interfaces,SharePoint (SP) On-Prem => SP Online,sharepoint-onprem-online,0,
2026-08-26,User Interfaces,POS website POSHelpNOW.com,pos-website,0,
2026-08-26,Custom Apps,Manual Sales,manual-sales,0,
2026-08-26,Custom Apps,Customer Feedback Mgr/APIs,customer-feedback-mgr-apis,0,
2026-08-26,Custom Apps,Marketing Portal,marketing-portal,0,
2026-08-26,Custom Apps,Readonly Long-term archive (DB02 sunset),readonly-archive,0,
2026-08-26,Custom Apps,Store Locator,store-locator,0,
2026-08-26,Reporting,Franchisee Reporting,franchisee-reporting,0,
2026-08-26,Reporting,Internal Reporting,internal-reporting,0,
2026-08-26,Reporting,AD Portal functions replacement,ad-portal-functions-replacement,0,
2026-08-26,Reporting,Vendor Portal functions replacement,vendor-portal-functions-replacement,0,
2026-08-26,Reporting,Automated Reports,marketing-automated-reports,0,
2026-08-26,Data Integration,Dynamics CRM Data feed,dynamics-crm-data-feed,0,
2026-08-26,Data Integration,Raw Sales (automated POS Sales),raw-sales,0,
2026-08-26,Data Integration,Data Delivers (Focus extract),data-delivers-focus,0,
2026-08-26,Data Integration,Data Delivers (NCR Silver),data-delivers-ncr-silver,0,
2026-08-26,Data Integration,Marketing Yext Extract,yext-extract,0,
2026-08-26,CRM Processes,Store Notifications,store-notifications,0,
2026-08-26,CRM Processes,Call Logs,call-logs,0,
2026-08-26,CRM Processes,Credit/Gift cards verification,credit-gift-cards-verification,0,
2026-08-26,CRM Processes,Training Status Updates,training-status-updates,0,
2026-08-26,CRM Processes,Distribution Center Updates,distribution-center-updates,0,
2026-08-26,CRM Processes,Coop Updates,coop-updates,0,
2026-08-26,CRM Processes,Franchisee review processes,franchisee-review-processes,0,
2026-08-26,CRM Processes,FDD processes,fdd-processes,0,
2026-08-26,CRM Processes,POS team tracks POS Type in Raw Sales tool,pos-team-tracks-pos-type,0,
2026-08-26,CRM Processes,POS Fees tracking,pos-fees-tracking,0,
2026-09-02,User Interfaces,Franchisee Portal,franchisee-portal,0,
2026-09-02,User Interfaces,"Self-Service Franchisee tools (job applications, store info, etc.)",self-service-franchisee-tools,0,
2026-09-02,User Interfaces,KTEC/CreativeOnline Replacement (MediaValet?),ktec-creativeonline-replacement,0,
2026-09-02,User Interfaces,SharePoint (SP) On-Prem => SP Online,sharepoint-onprem-online,0,
2026-09-02,User Interfaces,POS website POSHelpNOW.com,pos-website,0,
2026-09-02,Custom Apps,Manual Sales,manual-sales,0,
2026-09-02,Custom Apps,Customer Feedback Mgr/APIs,customer-feedback-mgr-apis,0,
2026-09-02,Custom Apps,Marketing Portal,marketing-portal,0,
2026-09-02,Custom Apps,Readonly Long-term archive (DB02 sunset),readonly-archive,0,
2026-09-02,Custom Apps,Store Locator,store-locator,0,
2026-09-02,Reporting,Franchisee Reporting,franchisee-reporting,0,
2026-09-02,Reporting,Internal Reporting,internal-reporting,0,
2026-09-02,Reporting,AD Portal functions replacement,ad-portal-functions-replacement,0,
2026-09-02,Reporting,Vendor Portal functions replacement,vendor-portal-functions-replacement,0,
2026-09-02,Reporting,Automated Reports,marketing-automated-reports,0,
2026-09-02,Data Integration,Dynamics CRM Data feed,dynamics-crm-data-feed,0,
2026-09-02,Data Integration,Raw Sales (automated POS Sales),raw-sales,0,
2026-09-02,Data Integration,Data Delivers (Focus extract),data-delivers-focus,0,
2026-09-02,Data Integration,Data Delivers (NCR Silver),data-delivers-ncr-silver,0,
2026-09-02,Data Integration,Marketing Yext Extract,yext-extract,0,
2026-09-02,CRM Processes,Store Notifications,store-notifications,0,
2026-09-02,CRM Processes,Call Logs,call-logs,0,
2026-09-02,CRM Processes,Credit/Gift cards verification,credit-gift-cards-verification,0,
2026-09-02,CRM Processes,Training Status Updates,training-status-updates,0,
2026-09-02,CRM Processes,Distribution Center Updates,distribution-center-updates,0,
2026-09-02,CRM Processes,Coop Updates,coop-updates,0,
2026-09-02,CRM Processes,Franchisee review processes,franchisee-review-processes,0,
2026-09-02,CRM Processes,FDD processes,fdd-processes,0,
2026-09-02,CRM Processes,POS team tracks POS Type in Raw Sales tool,pos-team-tracks-pos-type,0,
2026-09-02,CRM Processes,POS Fees tracking,pos-fees-tracking,0,
2026-09-09,User Interfaces,Franchisee Portal,franchisee-portal,0,
2026-09-09,User Interfaces,"Self-Service Franchisee tools (job applications, store info, etc.)",self-service-franchisee-tools,0,
2026-09-09,User Interfaces,KTEC/CreativeOnline Replacement (MediaValet?),ktec-creativeonline-replacement,0,
2026-09-09,User Interfaces,SharePoint (SP) On-Prem => SP Online,sharepoint-onprem-online,0,
2026-09-09,User Interfaces,POS website POSHelpNOW.com,pos-website,0,
2026-09-09,Custom Apps,Manual Sales,manual-sales,0,
2026-09-09,Custom Apps,Customer Feedback Mgr/APIs,customer-feedback-mgr-apis,0,
2026-09-09,Custom Apps,Marketing Portal,marketing-portal,0,
2026-09-09,Custom Apps,Readonly Long-term archive (DB02 sunset),readonly-archive,0,
2026-09-09,Custom Apps,Store Locator,store-locator,0,
2026-09-09,Reporting,Franchisee Reporting,franchisee-reporting,0,
2026-09-09,Reporting,Internal Reporting,internal-reporting,0,
2026-09-09,Reporting,AD Portal functions replacement,ad-portal-functions-replacement,0,
2026-09-09,Reporting,Vendor Portal functions replacement,vendor-portal-functions-replacement,0,
2026-09-09,Reporting,Automated Reports,marketing-automated-reports,0,
2026-09-09,Data Integration,Dynamics CRM Data feed,dynamics-crm-data-feed,0,
2026-09-09,Data Integration,Raw Sales (automated POS Sales),raw-sales,0,
2026-09-09,Data Integration,Data Delivers (Focus extract),data-delivers-focus,0,
2026-09-09,Data Integration,Data Delivers (NCR Silver),data-delivers-ncr-silver,0,
2026-09-09,Data Integration,Marketing Yext Extract,yext-extract,0,
2026-09-09,CRM Processes,Store Notifications,store-notifications,0,
2026-09-09,CRM Processes,Call Logs,call-logs,0,
2026-09-09,CRM Processes,Credit/Gift cards verification,credit-gift-cards-verification,0,
2026-09-09,CRM Processes,Training Status Updates,training-status-updates,0,
2026-09-09,CRM Processes,Distribution Center Updates,distribution-center-updates,0,
2026-09-09,CRM Processes,Coop Updates,coop-updates,0,
2026-09-09,CRM Processes,Franchisee review processes,franchisee-review-processes,0,
2026-09-09,CRM Processes,FDD processes,fdd-processes,0,
2026-09-09,CRM Processes,POS team tracks POS Type in Raw Sales tool,pos-team-tracks-pos-type,0,
2026-09-09,CRM Processes,POS Fees tracking,pos-fees-tracking,0,
2026-09-16,User Interfaces,Franchisee Portal,franchisee-portal,0,
2026-09-16,User Interfaces,"Self-Service Franchisee tools (job applications, store info, etc.)",self-service-franchisee-tools,0,
2026-09-16,User Interfaces,KTEC/CreativeOnline Replacement (MediaValet?),ktec-creativeonline-replacement,0,
2026-09-16,User Interfaces,SharePoint (SP) On-Prem => SP Online,sharepoint-onprem-online,0,
2026-09-16,User Interfaces,POS website POSHelpNOW.com,pos-website,0,
2026-09-16,Custom Apps,Manual Sales,manual-sales,0,
2026-09-16,Custom Apps,Customer Feedback Mgr/APIs,customer-feedback-mgr-apis,0,
2026-09-16,Custom Apps,Marketing Portal,marketing-portal,0,
2026-09-16,Custom Apps,Readonly Long-term archive (DB02 sunset),readonly-archive,0,
2026-09-16,Custom Apps,Store Locator,store-locator,0,
2026-09-16,Reporting,Franchisee Reporting,franchisee-reporting,0,
2026-09-16,Reporting,Internal Reporting,internal-reporting,0,
2026-09-16,Reporting,AD Portal functions replacement,ad-portal-functions-replacement,0,
2026-09-16,Reporting,Vendor Portal functions replacement,vendor-portal-functions-replacement,0,
2026-09-16,Reporting,Automated Reports,marketing-automated-reports,0,
2026-09-16,Data Integration,Dynamics CRM Data feed,dynamics-crm-data-feed,0,
2026-09-16,Data Integration,Raw Sales (automated POS Sales),raw-sales,0,
2026-09-16,Data Integration,Data Delivers (Focus extract),data-delivers-focus,0,
2026-09-16,Data Integration,Data Delivers (NCR Silver),data-delivers-ncr-silver,0,
2026-09-16,Data Integration,Marketing Yext Extract,yext-extract,0,
2026-09-16,CRM Processes,Store Notifications,store-notifications,0,
2026-09-16,CRM Processes,Call Logs,call-logs,0,
2026-09-16,CRM Processes,Credit/Gift cards verification,credit-gift-cards-verification,0,
2026-09-16,CRM Processes,Training Status Updates,training-status-updates,0,
2026-09-16,CRM Processes,Distribution Center Updates,distribution-center-updates,0,
2026-09-16,CRM Processes,Coop Updates,coop-updates,0,
2026-09-16,CRM Processes,Franchisee review processes,franchisee-review-processes,0,
2026-09-16,CRM Processes,FDD processes,fdd-processes,0,
2026-09-16,CRM Processes,POS team tracks POS Type in Raw Sales tool,pos-team-tracks-pos-type,0,
2026-09-16,CRM Processes,POS Fees tracking,pos-fees-tracking,0,
2026-09-23,User Interfaces,Franchisee Portal,franchisee-portal,0,
2026-09-23,User Interfaces,"Self-Service Franchisee tools (job applications, store info, etc.)",self-service-franchisee-tools,0,
2026-09-23,User Interfaces,KTEC/CreativeOnline Replacement (MediaValet?),ktec-creativeonline-replacement,0,
2026-09-23,User Interfaces,SharePoint (SP) On-Prem => SP Online,sharepoint-onprem-online,0,
2026-09-23,User Interfaces,POS website POSHelpNOW.com,pos-website,0,
2026-09-23,Custom Apps,Manual Sales,manual-sales,0,
2026-09-23,Custom Apps,Customer Feedback Mgr/APIs,customer-feedback-mgr-apis,0,
2026-09-23,Custom Apps,Marketing Portal,marketing-portal,0,
2026-09-23,Custom Apps,Readonly Long-term archive (DB02 sunset),readonly-archive,0,
2026-09-23,Custom Apps,Store Locator,store-locator,0,
2026-09-23,Reporting,Franchisee Reporting,franchisee-reporting,0,
2026-09-23,Reporting,Internal Reporting,internal-reporting,0,
2026-09-23,Reporting,AD Portal functions replacement,ad-portal-functions-replacement,0,
2026-09-23,Reporting,Vendor Portal functions replacement,vendor-portal-functions-replacement,0,
2026-09-23,Reporting,Automated Reports,marketing-automated-reports,0,
2026-09-23,Data Integration,Dynamics CRM Data feed,dynamics-crm-data-feed,0,
2026-09-23,Data Integration,Raw Sales (automated POS Sales),raw-sales,0,
2026-09-23,Data Integration,Data Delivers (Focus extract),data-delivers-focus,0,
2026-09-23,Data Integration,Data Delivers (NCR Silver),data-delivers-ncr-silver,0,
2026-09-23,Data Integration,Marketing Yext Extract,yext-extract,0,
2026-09-23,CRM Processes,Store Notifications,store-notifications,0,
2026-09-23,CRM Processes,Call Logs,call-logs,0,
2026-09-23,CRM Processes,Credit/Gift cards verification,credit-gift-cards-verification,0,
2026-09-23,CRM Processes,Training Status Updates,training-status-updates,0,
2026-09-23,CRM Processes,Distribution Center Updates,distribution-center-updates,0,
2026-09-23,CRM Processes,Coop Updates,coop-updates,0,
2026-09-23,CRM Processes,Franchisee review processes,franchisee-review-processes,0,
2026-09-23,CRM Processes,FDD processes,fdd-processes,0,
2026-09-23,CRM Processes,POS team tracks POS Type in Raw Sales tool,pos-team-tracks-pos-type,0,
2026-09-23,CRM Processes,POS Fees tracking,pos-fees-tracking,0,
2026-09-30,User Interfaces,Franchisee Portal,franchisee-portal,0,
2026-09-30,User Interfaces,"Self-Service Franchisee tools (job applications, store info, etc.)",self-service-franchisee-tools,0,
2026-09-30,User Interfaces,KTEC/CreativeOnline Replacement (MediaValet?),ktec-creativeonline-replacement,0,
2026-09-30,User Interfaces,SharePoint (SP) On-Prem => SP Online,sharepoint-onprem-online,0,
2026-09-30,User Interfaces,POS website POSHelpNOW.com,pos-website,0,
2026-09-30,Custom Apps,Manual Sales,manual-sales,0,
2026-09-30,Custom Apps,Customer Feedback Mgr/APIs,customer-feedback-mgr-apis,0,
2026-09-30,Custom Apps,Marketing Portal,marketing-portal,0,
2026-09-30,Custom Apps,Readonly Long-term archive (DB02 sunset),readonly-archive,0,
2026-09-30,Custom Apps,Store Locator,store-locator,0,
2026-09-30,Reporting,Franchisee Reporting,franchisee-reporting,0,
2026-09-30,Reporting,Internal Reporting,internal-reporting,0,
2026-09-30,Reporting,AD Portal functions replacement,ad-portal-functions-replacement,0,
2026-09-30,Reporting,Vendor Portal functions replacement,vendor-portal-functions-replacement,0,
2026-09-30,Reporting,Automated Reports,marketing-automated-reports,0,
2026-09-30,Data Integration,Dynamics CRM Data feed,dynamics-crm-data-feed,0,
2026-09-30,Data Integration,Raw Sales (automated POS Sales),raw-sales,0,
2026-09-30,Data Integration,Data Delivers (Focus extract),data-delivers-focus,0,
2026-09-30,Data Integration,Data Delivers (NCR Silver),data-delivers-ncr-silver,0,
2026-09-30,Data Integration,Marketing Yext Extract,yext-extract,0,
2026-09-30,CRM Processes,Store Notifications,store-notifications,0,
2026-09-30,CRM Processes,Call Logs,call-logs,0,
2026-09-30,CRM Processes,Credit/Gift cards verification,credit-gift-cards-verification,0,
2026-09-30,CRM Processes,Training Status Updates,training-status-updates,0,
2026-09-30,CRM Processes,Distribution Center Updates,distribution-center-updates,0,
2026-09-30,CRM Processes,Coop Updates,coop-updates,0,
2026-09-30,CRM Processes,Franchisee review processes,franchisee-review-processes,0,
2026-09-30,CRM Processes,FDD processes,fdd-processes,0,
2026-09-30,CRM Processes,POS team tracks POS Type in Raw Sales tool,pos-team-tracks-pos-type,0,
2026-09-30,CRM Processes,POS Fees tracking,pos-fees-tracking,0,
2026-10-07,User Interfaces,Franchisee Portal,franchisee-portal,0,
2026-10-07,User Interfaces,"Self-Service Franchisee tools (job applications, store info, etc.)",self-service-franchisee-tools,0,
2026-10-07,User Interfaces,KTEC/CreativeOnline Replacement (MediaValet?),ktec-creativeonline-replacement,0,
2026-10-07,User Interfaces,SharePoint (SP) On-Prem => SP Online,sharepoint-onprem-online,0,
2026-10-07,User Interfaces,POS website POSHelpNOW.com,pos-website,0,
2026-10-07,Custom Apps,Manual Sales,manual-sales,0,
2026-10-07,Custom Apps,Customer Feedback Mgr/APIs,customer-feedback-mgr-apis,0,
2026-10-07,Custom Apps,Marketing Portal,marketing-portal,0,
2026-10-07,Custom Apps,Readonly Long-term archive (DB02 sunset),readonly-archive,0,
2026-10-07,Custom Apps,Store Locator,store-locator,0,
2026-10-07,Reporting,Franchisee Reporting,franchisee-reporting,0,
2026-10-07,Reporting,Internal Reporting,internal-reporting,0,
2026-10-07,Reporting,AD Portal functions replacement,ad-portal-functions-replacement,0,
2026-10-07,Reporting,Vendor Portal functions replacement,vendor-portal-functions-replacement,0,
2026-10-07,Reporting,Automated Reports,marketing-automated-reports,0,
2026-10-07,Data Integration,Dynamics CRM Data feed,dynamics-crm-data-feed,0,
2026-10-07,Data Integration,Raw Sales (automated POS Sales),raw-sales,0,
2026-10-07,Data Integration,Data Delivers (Focus extract),data-delivers-focus,0,
2026-10-07,Data Integration,Data Delivers (NCR Silver),data-delivers-ncr-silver,0,
2026-10-07,Data Integration,Marketing Yext Extract,yext-extract,0,
2026-10-07,CRM Processes,Store Notifications,store-notifications,0,
2026-10-07,CRM Processes,Call Logs,call-logs,0,
2026-10-07,CRM Processes,Credit/Gift cards verification,credit-gift-cards-verification,0,
2026-10-07,CRM Processes,Training Status Updates,training-status-updates,0,
2026-10-07,CRM Processes,Distribution Center Updates,distribution-center-updates,0,
2026-10-07,CRM Processes,Coop Updates,coop-updates,0,
2026-10-07,CRM Processes,Franchisee review processes,franchisee-review-processes,0,
2026-10-07,CRM Processes,FDD processes,fdd-processes,0,
2026-10-07,CRM Processes,POS team tracks POS Type in Raw Sales tool,pos-team-tracks-pos-type,0,
2026-10-07,CRM Processes,POS Fees tracking,pos-fees-tracking,0,
2026-10-14,User Interfaces,Franchisee Portal,franchisee-portal,0,
2026-10-14,User Interfaces,"Self-Service Franchisee tools (job applications, store info, etc.)",self-service-franchisee-tools,0,
2026-10-14,User Interfaces,KTEC/CreativeOnline Replacement (MediaValet?),ktec-creativeonline-replacement,0,
2026-10-14,User Interfaces,SharePoint (SP) On-Prem => SP Online,sharepoint-onprem-online,0,
2026-10-14,User Interfaces,POS website POSHelpNOW.com,pos-website,0,
2026-10-14,Custom Apps,Manual Sales,manual-sales,0,
2026-10-14,Custom Apps,Customer Feedback Mgr/APIs,customer-feedback-mgr-apis,0,
2026-10-14,Custom Apps,Marketing Portal,marketing-portal,0,
2026-10-14,Custom Apps,Readonly Long-term archive (DB02 sunset),readonly-archive,0,
2026-10-14,Custom Apps,Store Locator,store-locator,0,
2026-10-14,Reporting,Franchisee Reporting,franchisee-reporting,0,
2026-10-14,Reporting,Internal Reporting,internal-reporting,0,
2026-10-14,Reporting,AD Portal functions replacement,ad-portal-functions-replacement,0,
2026-10-14,Reporting,Vendor Portal functions replacement,vendor-portal-functions-replacement,0,
2026-10-14,Reporting,Automated Reports,marketing-automated-reports,0,
2026-10-14,Data Integration,Dynamics CRM Data feed,dynamics-crm-data-feed,0,
2026-10-14,Data Integration,Raw Sales (automated POS Sales),raw-sales,0,
2026-10-14,Data Integration,Data Delivers (Focus extract),data-delivers-focus,0,
2026-10-14,Data Integration,Data Delivers (NCR Silver),data-delivers-ncr-silver,0,
2026-10-14,Data Integration,Marketing Yext Extract,yext-extract,0,
2026-10-14,CRM Processes,Store Notifications,store-notifications,0,
2026-10-14,CRM Processes,Call Logs,call-logs,0,
2026-10-14,CRM Processes,Credit/Gift cards verification,credit-gift-cards-verification,0,
2026-10-14,CRM Processes,Training Status Updates,training-status-updates,0,
2026-10-14,CRM Processes,Distribution Center Updates,distribution-center-updates,0,
2026-10-14,CRM Processes,Coop Updates,coop-updates,0,
2026-10-14,CRM Processes,Franchisee review processes,franchisee-review-processes,0,
2026-10-14,CRM Processes,FDD processes,fdd-processes,0,
2026-10-14,CRM Processes,POS team tracks POS Type in Raw Sales tool,pos-team-tracks-pos-type,0,
2026-10-14,CRM Processes,POS Fees tracking,pos-fees-tracking,0,
2026-10-21,User Interfaces,Franchisee Portal,franchisee-portal,0,
2026-10-21,User Interfaces,"Self-Service Franchisee tools (job applications, store info, etc.)",self-service-franchisee-tools,0,
2026-10-21,User Interfaces,KTEC/CreativeOnline Replacement (MediaValet?),ktec-creativeonline-replacement,0,
2026-10-21,User Interfaces,SharePoint (SP) On-Prem => SP Online,sharepoint-onprem-online,0,
2026-10-21,User Interfaces,POS website POSHelpNOW.com,pos-website,0,
2026-10-21,Custom Apps,Manual Sales,manual-sales,0,
2026-10-21,Custom Apps,Customer Feedback Mgr/APIs,customer-feedback-mgr-apis,0,
2026-10-21,Custom Apps,Marketing Portal,marketing-portal,0,
2026-10-21,Custom Apps,Readonly Long-term archive (DB02 sunset),readonly-archive,0,
2026-10-21,Custom Apps,Store Locator,store-locator,0,
2026-10-21,Reporting,Franchisee Reporting,franchisee-reporting,0,
2026-10-21,Reporting,Internal Reporting,internal-reporting,0,
2026-10-21,Reporting,AD Portal functions replacement,ad-portal-functions-replacement,0,
2026-10-21,Reporting,Vendor Portal functions replacement,vendor-portal-functions-replacement,0,
2026-10-21,Reporting,Automated Reports,marketing-automated-reports,0,
2026-10-21,Data Integration,Dynamics CRM Data feed,dynamics-crm-data-feed,0,
2026-10-21,Data Integration,Raw Sales (automated POS Sales),raw-sales,0,
2026-10-21,Data Integration,Data Delivers (Focus extract),data-delivers-focus,0,
2026-10-21,Data Integration,Data Delivers (NCR Silver),data-delivers-ncr-silver,0,
2026-10-21,Data Integration,Marketing Yext Extract,yext-extract,0,
2026-10-21,CRM Processes,Store Notifications,store-notifications,0,
2026-10-21,CRM Processes,Call Logs,call-logs,0,
2026-10-21,CRM Processes,Credit/Gift cards verification,credit-gift-cards-verification,0,
2026-10-21,CRM Processes,Training Status Updates,training-status-updates,0,
2026-10-21,CRM Processes,Distribution Center Updates,distribution-center-updates,0,
2026-10-21,CRM Processes,Coop Updates,coop-updates,0,
2026-10-21,CRM Processes,Franchisee review processes,franchisee-review-processes,0,
2026-10-21,CRM Processes,FDD processes,fdd-processes,0,
2026-10-21,CRM Processes,POS team tracks POS Type in Raw Sales tool,pos-team-tracks-pos-type,0,
2026-10-21,CRM Processes,POS Fees tracking,pos-fees-tracking,0,
2026-10-28,User Interfaces,Franchisee Portal,franchisee-portal,0,
2026-10-28,User Interfaces,"Self-Service Franchisee tools (job applications, store info, etc.)",self-service-franchisee-tools,0,
2026-10-28,User Interfaces,KTEC/CreativeOnline Replacement (MediaValet?),ktec-creativeonline-replacement,0,
2026-10-28,User Interfaces,SharePoint (SP) On-Prem => SP Online,sharepoint-onprem-online,0,
2026-10-28,User Interfaces,POS website POSHelpNOW.com,pos-website,0,
2026-10-28,Custom Apps,Manual Sales,manual-sales,0,
2026-10-28,Custom Apps,Customer Feedback Mgr/APIs,customer-feedback-mgr-apis,0,
2026-10-28,Custom Apps,Marketing Portal,marketing-portal,0,
2026-10-28,Custom Apps,Readonly Long-term archive (DB02 sunset),readonly-archive,0,
2026-10-28,Custom Apps,Store Locator,store-locator,0,
2026-10-28,Reporting,Franchisee Reporting,franchisee-reporting,0,
2026-10-28,Reporting,Internal Reporting,internal-reporting,0,
2026-10-28,Reporting,AD Portal functions replacement,ad-portal-functions-replacement,0,
2026-10-28,Reporting,Vendor Portal functions replacement,vendor-portal-functions-replacement,0,
2026-10-28,Reporting,Automated Reports,marketing-automated-reports,0,
2026-10-28,Data Integration,Dynamics CRM Data feed,dynamics-crm-data-feed,0,
2026-10-28,Data Integration,Raw Sales (automated POS Sales),raw-sales,0,
2026-10-28,Data Integration,Data Delivers (Focus extract),data-delivers-focus,0,
2026-10-28,Data Integration,Data Delivers (NCR Silver),data-delivers-ncr-silver,0,
2026-10-28,Data Integration,Marketing Yext Extract,yext-extract,0,
2026-10-28,CRM Processes,Store Notifications,store-notifications,0,
2026-10-28,CRM Processes,Call Logs,call-logs,0,
2026-10-28,CRM Processes,Credit/Gift cards verification,credit-gift-cards-verification,0,
2026-10-28,CRM Processes,Training Status Updates,training-status-updates,0,
2026-10-28,CRM Processes,Distribution Center Updates,distribution-center-updates,0,
2026-10-28,CRM Processes,Coop Updates,coop-updates,0,
2026-10-28,CRM Processes,Franchisee review processes,franchisee-review-processes,0,
2026-10-28,CRM Processes,FDD processes,fdd-processes,0,
2026-10-28,CRM Processes,POS team tracks POS Type in Raw Sales tool,pos-team-tracks-pos-type,0,
2026-10-28,CRM Processes,POS Fees tracking,pos-fees-tracking,0,
2026-11-04,User Interfaces,Franchisee Portal,franchisee-portal,0,
2026-11-04,User Interfaces,"Self-Service Franchisee tools (job applications, store info, etc.)",self-service-franchisee-tools,0,
2026-11-04,User Interfaces,KTEC/CreativeOnline Replacement (MediaValet?),ktec-creativeonline-replacement,0,
2026-11-04,User Interfaces,SharePoint (SP) On-Prem => SP Online,sharepoint-onprem-online,0,
2026-11-04,User Interfaces,POS website POSHelpNOW.com,pos-website,0,
2026-11-04,Custom Apps,Manual Sales,manual-sales,0,
2026-11-04,Custom Apps,Customer Feedback Mgr/APIs,customer-feedback-mgr-apis,0,
2026-11-04,Custom Apps,Marketing Portal,marketing-portal,0,
2026-11-04,Custom Apps,Readonly Long-term archive (DB02 sunset),readonly-archive,0,
2026-11-04,Custom Apps,Store Locator,store-locator,0,
2026-11-04,Reporting,Franchisee Reporting,franchisee-reporting,0,
2026-11-04,Reporting,Internal Reporting,internal-reporting,0,
2026-11-04,Reporting,AD Portal functions replacement,ad-portal-functions-replacement,0,
2026-11-04,Reporting,Vendor Portal functions replacement,vendor-portal-functions-replacement,0,
2026-11-04,Reporting,Automated Reports,marketing-automated-reports,0,
2026-11-04,Data Integration,Dynamics CRM Data feed,dynamics-crm-data-feed,0,
2026-11-04,Data Integration,Raw Sales (automated POS Sales),raw-sales,0,
2026-11-04,Data Integration,Data Delivers (Focus extract),data-delivers-focus,0,
2026-11-04,Data Integration,Data Delivers (NCR Silver),data-delivers-ncr-silver,0,
2026-11-04,Data Integration,Marketing Yext Extract,yext-extract,0,
2026-11-04,CRM Processes,Store Notifications,store-notifications,0,
2026-11-04,CRM Processes,Call Logs,call-logs,0,
2026-11-04,CRM Processes,Credit/Gift cards verification,credit-gift-cards-verification,0,
2026-11-04,CRM Processes,Training Status Updates,training-status-updates,0,
2026-11-04,CRM Processes,Distribution Center Updates,distribution-center-updates,0,
2026-11-04,CRM Processes,Coop Updates,coop-updates,0,
2026-11-04,CRM Processes,Franchisee review processes,franchisee-review-processes,0,
2026-11-04,CRM Processes,FDD processes,fdd-processes,0,
2026-11-04,CRM Processes,POS team tracks POS Type in Raw Sales tool,pos-team-tracks-pos-type,0,
2026-11-04,CRM Processes,POS Fees tracking,pos-fees-tracking,0,
2026-11-11,User Interfaces,Franchisee Portal,franchisee-portal,0,
2026-11-11,User Interfaces,"Self-Service Franchisee tools (job applications, store info, etc.)",self-service-franchisee-tools,0,
2026-11-11,User Interfaces,KTEC/CreativeOnline Replacement (MediaValet?),ktec-creativeonline-replacement,0,
2026-11-11,User Interfaces,SharePoint (SP) On-Prem => SP Online,sharepoint-onprem-online,0,
2026-11-11,User Interfaces,POS website POSHelpNOW.com,pos-website,0,
2026-11-11,Custom Apps,Manual Sales,manual-sales,0,
2026-11-11,Custom Apps,Customer Feedback Mgr/APIs,customer-feedback-mgr-apis,0,
2026-11-11,Custom Apps,Marketing Portal,marketing-portal,0,
2026-11-11,Custom Apps,Readonly Long-term archive (DB02 sunset),readonly-archive,0,
2026-11-11,Custom Apps,Store Locator,store-locator,0,
2026-11-11,Reporting,Franchisee Reporting,franchisee-reporting,0,
2026-11-11,Reporting,Internal Reporting,internal-reporting,0,
2026-11-11,Reporting,AD Portal functions replacement,ad-portal-functions-replacement,0,
2026-11-11,Reporting,Vendor Portal functions replacement,vendor-portal-functions-replacement,0,
2026-11-11,Reporting,Automated Reports,marketing-automated-reports,0,
2026-11-11,Data Integration,Dynamics CRM Data feed,dynamics-crm-data-feed,0,
2026-11-11,Data Integration,Raw Sales (automated POS Sales),raw-sales,0,
2026-11-11,Data Integration,Data Delivers (Focus extract),data-delivers-focus,0,
2026-11-11,Data Integration,Data Delivers (NCR Silver),data-delivers-ncr-silver,0,
2026-11-11,Data Integration,Marketing Yext Extract,yext-extract,0,
2026-11-11,CRM Processes,Store Notifications,store-notifications,0,
2026-11-11,CRM Processes,Call Logs,call-logs,0,
2026-11-11,CRM Processes,Credit/Gift cards verification,credit-gift-cards-verification,0,
2026-11-11,CRM Processes,Training Status Updates,training-status-updates,0,
2026-11-11,CRM Processes,Distribution Center Updates,distribution-center-updates,0,
2026-11-11,CRM Processes,Coop Updates,coop-updates,0,
2026-11-11,CRM Processes,Franchisee review processes,franchisee-review-processes,0,
2026-11-11,CRM Processes,FDD processes,fdd-processes,0,
2026-11-11,CRM Processes,POS team tracks POS Type in Raw Sales tool,pos-team-tracks-pos-type,0,
2026-11-11,CRM Processes,POS Fees tracking,pos-fees-tracking,0,
2026-11-18,User Interfaces,Franchisee Portal,franchisee-portal,0,
2026-11-18,User Interfaces,"Self-Service Franchisee tools (job applications, store info, etc.)",self-service-franchisee-tools,0,
2026-11-18,User Interfaces,KTEC/CreativeOnline Replacement (MediaValet?),ktec-creativeonline-replacement,0,
2026-11-18,User Interfaces,SharePoint (SP) On-Prem => SP Online,sharepoint-onprem-online,0,
2026-11-18,User Interfaces,POS website POSHelpNOW.com,pos-website,0,
2026-11-18,Custom Apps,Manual Sales,manual-sales,0,
2026-11-18,Custom Apps,Customer Feedback Mgr/APIs,customer-feedback-mgr-apis,0,
2026-11-18,Custom Apps,Marketing Portal,marketing-portal,0,
2026-11-18,Custom Apps,Readonly Long-term archive (DB02 sunset),readonly-archive,0,
2026-11-18,Custom Apps,Store Locator,store-locator,0,
2026-11-18,Reporting,Franchisee Reporting,franchisee-reporting,0,
2026-11-18,Reporting,Internal Reporting,internal-reporting,0,
2026-11-18,Reporting,AD Portal functions replacement,ad-portal-functions-replacement,0,
2026-11-18,Reporting,Vendor Portal functions replacement,vendor-portal-functions-replacement,0,
2026-11-18,Reporting,Automated Reports,marketing-automated-reports,0,
2026-11-18,Data Integration,Dynamics CRM Data feed,dynamics-crm-data-feed,0,
2026-11-18,Data Integration,Raw Sales (automated POS Sales),raw-sales,0,
2026-11-18,Data Integration,Data Delivers (Focus extract),data-delivers-focus,0,
2026-11-18,Data Integration,Data Delivers (NCR Silver),data-delivers-ncr-silver,0,
2026-11-18,Data Integration,Marketing Yext Extract,yext-extract,0,
2026-11-18,CRM Processes,Store Notifications,store-notifications,0,
2026-11-18,CRM Processes,Call Logs,call-logs,0,
2026-11-18,CRM Processes,Credit/Gift cards verification,credit-gift-cards-verification,0,
2026-11-18,CRM Processes,Training Status Updates,training-status-updates,0,
2026-11-18,CRM Processes,Distribution Center Updates,distribution-center-updates,0,
2026-11-18,CRM Processes,Coop Updates,coop-updates,0,
2026-11-18,CRM Processes,Franchisee review processes,franchisee-review-processes,0,
2026-11-18,CRM Processes,FDD processes,fdd-processes,0,
2026-11-18,CRM Processes,POS team tracks POS Type in Raw Sales tool,pos-team-tracks-pos-type,0,
2026-11-18,CRM Processes,POS Fees tracking,pos-fees-tracking,0,
2026-11-25,User Interfaces,Franchisee Portal,franchisee-portal,0,
2026-11-25,User Interfaces,"Self-Service Franchisee tools (job applications, store info, etc.)",self-service-franchisee-tools,0,
2026-11-25,User Interfaces,KTEC/CreativeOnline Replacement (MediaValet?),ktec-creativeonline-replacement,0,
2026-11-25,User Interfaces,SharePoint (SP) On-Prem => SP Online,sharepoint-onprem-online,0,
2026-11-25,User Interfaces,POS website POSHelpNOW.com,pos-website,0,
2026-11-25,Custom Apps,Manual Sales,manual-sales,0,
2026-11-25,Custom Apps,Customer Feedback Mgr/APIs,customer-feedback-mgr-apis,0,
2026-11-25,Custom Apps,Marketing Portal,marketing-portal,0,
2026-11-25,Custom Apps,Readonly Long-term archive (DB02 sunset),readonly-archive,0,
2026-11-25,Custom Apps,Store Locator,store-locator,0,
2026-11-25,Reporting,Franchisee Reporting,franchisee-reporting,0,
2026-11-25,Reporting,Internal Reporting,internal-reporting,0,
2026-11-25,Reporting,AD Portal functions replacement,ad-portal-functions-replacement,0,
2026-11-25,Reporting,Vendor Portal functions replacement,vendor-portal-functions-replacement,0,
2026-11-25,Reporting,Automated Reports,marketing-automated-reports,0,
2026-11-25,Data Integration,Dynamics CRM Data feed,dynamics-crm-data-feed,0,
2026-11-25,Data Integration,Raw Sales (automated POS Sales),raw-sales,0,
2026-11-25,Data Integration,Data Delivers (Focus extract),data-delivers-focus,0,
2026-11-25,Data Integration,Data Delivers (NCR Silver),data-delivers-ncr-silver,0,
2026-11-25,Data Integration,Marketing Yext Extract,yext-extract,0,
2026-11-25,CRM Processes,Store Notifications,store-notifications,0,
2026-11-25,CRM Processes,Call Logs,call-logs,0,
2026-11-25,CRM Processes,Credit/Gift cards verification,credit-gift-cards-verification,0,
2026-11-25,CRM Processes,Training Status Updates,training-status-updates,0,
2026-11-25,CRM Processes,Distribution Center Updates,distribution-center-updates,0,
2026-11-25,CRM Processes,Coop Updates,coop-updates,0,
2026-11-25,CRM Processes,Franchisee review processes,franchisee-review-processes,0,
2026-11-25,CRM Processes,FDD processes,fdd-processes,0,
2026-11-25,CRM Processes,POS team tracks POS Type in Raw Sales tool,pos-team-tracks-pos-type,0,
2026-11-25,CRM Processes,POS Fees tracking,pos-fees-tracking,0,
2026-12-02,User Interfaces,Franchisee Portal,franchisee-portal,0,
2026-12-02,User Interfaces,"Self-Service Franchisee tools (job applications, store info, etc.)",self-service-franchisee-tools,0,
2026-12-02,User Interfaces,KTEC/CreativeOnline Replacement (MediaValet?),ktec-creativeonline-replacement,0,
2026-12-02,User Interfaces,SharePoint (SP) On-Prem => SP Online,sharepoint-onprem-online,0,
2026-12-02,User Interfaces,POS website POSHelpNOW.com,pos-website,0,
2026-12-02,Custom Apps,Manual Sales,manual-sales,0,
2026-12-02,Custom Apps,Customer Feedback Mgr/APIs,customer-feedback-mgr-apis,0,
2026-12-02,Custom Apps,Marketing Portal,marketing-portal,0,
2026-12-02,Custom Apps,Readonly Long-term archive (DB02 sunset),readonly-archive,0,
2026-12-02,Custom Apps,Store Locator,store-locator,0,
2026-12-02,Reporting,Franchisee Reporting,franchisee-reporting,0,
2026-12-02,Reporting,Internal Reporting,internal-reporting,0,
2026-12-02,Reporting,AD Portal functions replacement,ad-portal-functions-replacement,0,
2026-12-02,Reporting,Vendor Portal functions replacement,vendor-portal-functions-replacement,0,
2026-12-02,Reporting,Automated Reports,marketing-automated-reports,0,
2026-12-02,Data Integration,Dynamics CRM Data feed,dynamics-crm-data-feed,0,
2026-12-02,Data Integration,Raw Sales (automated POS Sales),raw-sales,0,
2026-12-02,Data Integration,Data Delivers (Focus extract),data-delivers-focus,0,
2026-12-02,Data Integration,Data Delivers (NCR Silver),data-delivers-ncr-silver,0,
2026-12-02,Data Integration,Marketing Yext Extract,yext-extract,0,
2026-12-02,CRM Processes,Store Notifications,store-notifications,0,
2026-12-02,CRM Processes,Call Logs,call-logs,0,
2026-12-02,CRM Processes,Credit/Gift cards verification,credit-gift-cards-verification,0,
2026-12-02,CRM Processes,Training Status Updates,training-status-updates,0,
2026-12-02,CRM Processes,Distribution Center Updates,distribution-center-updates,0,
2026-12-02,CRM Processes,Coop Updates,coop-updates,0,
2026-12-02,CRM Processes,Franchisee review processes,franchisee-review-processes,0,
2026-12-02,CRM Processes,FDD processes,fdd-processes,0,
2026-12-02,CRM Processes,POS team tracks POS Type in Raw Sales tool,pos-team-tracks-pos-type,0,
2026-12-02,CRM Processes,POS Fees tracking,pos-fees-tracking,0,
2026-12-09,User Interfaces,Franchisee Portal,franchisee-portal,0,
2026-12-09,User Interfaces,"Self-Service Franchisee tools (job applications, store info, etc.)",self-service-franchisee-tools,0,
2026-12-09,User Interfaces,KTEC/CreativeOnline Replacement (MediaValet?),ktec-creativeonline-replacement,0,
2026-12-09,User Interfaces,SharePoint (SP) On-Prem => SP Online,sharepoint-onprem-online,0,
2026-12-09,User Interfaces,POS website POSHelpNOW.com,pos-website,0,
2026-12-09,Custom Apps,Manual Sales,manual-sales,0,
2026-12-09,Custom Apps,Customer Feedback Mgr/APIs,customer-feedback-mgr-apis,0,
2026-12-09,Custom Apps,Marketing Portal,marketing-portal,0,
2026-12-09,Custom Apps,Readonly Long-term archive (DB02 sunset),readonly-archive,0,
2026-12-09,Custom Apps,Store Locator,store-locator,0,
2026-12-09,Reporting,Franchisee Reporting,franchisee-reporting,0,
2026-12-09,Reporting,Internal Reporting,internal-reporting,0,
2026-12-09,Reporting,AD Portal functions replacement,ad-portal-functions-replacement,0,
2026-12-09,Reporting,Vendor Portal functions replacement,vendor-portal-functions-replacement,0,
2026-12-09,Reporting,Automated Reports,marketing-automated-reports,0,
2026-12-09,Data Integration,Dynamics CRM Data feed,dynamics-crm-data-feed,0,
2026-12-09,Data Integration,Raw Sales (automated POS Sales),raw-sales,0,
2026-12-09,Data Integration,Data Delivers (Focus extract),data-delivers-focus,0,
2026-12-09,Data Integration,Data Delivers (NCR Silver),data-delivers-ncr-silver,0,
2026-12-09,Data Integration,Marketing Yext Extract,yext-extract,0,
2026-12-09,CRM Processes,Store Notifications,store-notifications,0,
2026-12-09,CRM Processes,Call Logs,call-logs,0,
2026-12-09,CRM Processes,Credit/Gift cards verification,credit-gift-cards-verification,0,
2026-12-09,CRM Processes,Training Status Updates,training-status-updates,0,
2026-12-09,CRM Processes,Distribution Center Updates,distribution-center-updates,0,
2026-12-09,CRM Processes,Coop Updates,coop-updates,0,
2026-12-09,CRM Processes,Franchisee review processes,franchisee-review-processes,0,
2026-12-09,CRM Processes,FDD processes,fdd-processes,0,
2026-12-09,CRM Processes,POS team tracks POS Type in Raw Sales tool,pos-team-tracks-pos-type,0,
2026-12-09,CRM Processes,POS Fees tracking,pos-fees-tracking,0,
2026-12-16,User Interfaces,Franchisee Portal,franchisee-portal,0,
2026-12-16,User Interfaces,"Self-Service Franchisee tools (job applications, store info, etc.)",self-service-franchisee-tools,0,
2026-12-16,User Interfaces,KTEC/CreativeOnline Replacement (MediaValet?),ktec-creativeonline-replacement,0,
2026-12-16,User Interfaces,SharePoint (SP) On-Prem => SP Online,sharepoint-onprem-online,0,
2026-12-16,User Interfaces,POS website POSHelpNOW.com,pos-website,0,
2026-12-16,Custom Apps,Manual Sales,manual-sales,0,
2026-12-16,Custom Apps,Customer Feedback Mgr/APIs,customer-feedback-mgr-apis,0,
2026-12-16,Custom Apps,Marketing Portal,marketing-portal,0,
2026-12-16,Custom Apps,Readonly Long-term archive (DB02 sunset),readonly-archive,0,
2026-12-16,Custom Apps,Store Locator,store-locator,0,
2026-12-16,Reporting,Franchisee Reporting,franchisee-reporting,0,
2026-12-16,Reporting,Internal Reporting,internal-reporting,0,
2026-12-16,Reporting,AD Portal functions replacement,ad-portal-functions-replacement,0,
2026-12-16,Reporting,Vendor Portal functions replacement,vendor-portal-functions-replacement,0,
2026-12-16,Reporting,Automated Reports,marketing-automated-reports,0,
2026-12-16,Data Integration,Dynamics CRM Data feed,dynamics-crm-data-feed,0,
2026-12-16,Data Integration,Raw Sales (automated POS Sales),raw-sales,0,
2026-12-16,Data Integration,Data Delivers (Focus extract),data-delivers-focus,0,
2026-12-16,Data Integration,Data Delivers (NCR Silver),data-delivers-ncr-silver,0,
2026-12-16,Data Integration,Marketing Yext Extract,yext-extract,0,
2026-12-16,CRM Processes,Store Notifications,store-notifications,0,
2026-12-16,CRM Processes,Call Logs,call-logs,0,
2026-12-16,CRM Processes,Credit/Gift cards verification,credit-gift-cards-verification,0,
2026-12-16,CRM Processes,Training Status Updates,training-status-updates,0,
2026-12-16,CRM Processes,Distribution Center Updates,distribution-center-updates,0,
2026-12-16,CRM Processes,Coop Updates,coop-updates,0,
2026-12-16,CRM Processes,Franchisee review processes,franchisee-review-processes,0,
2026-12-16,CRM Processes,FDD processes,fdd-processes,0,
2026-12-16,CRM Processes,POS team tracks POS Type in Raw Sales tool,pos-team-tracks-pos-type,0,
2026-12-16,CRM Processes,POS Fees tracking,pos-fees-tracking,0,
2026-12-23,User Interfaces,Franchisee Portal,franchisee-portal,0,
2026-12-23,User Interfaces,"Self-Service Franchisee tools (job applications, store info, etc.)",self-service-franchisee-tools,0,
2026-12-23,User Interfaces,KTEC/CreativeOnline Replacement (MediaValet?),ktec-creativeonline-replacement,0,
2026-12-23,User Interfaces,SharePoint (SP) On-Prem => SP Online,sharepoint-onprem-online,0,
2026-12-23,User Interfaces,POS website POSHelpNOW.com,pos-website,0,
2026-12-23,Custom Apps,Manual Sales,manual-sales,0,
2026-12-23,Custom Apps,Customer Feedback Mgr/APIs,customer-feedback-mgr-apis,0,
2026-12-23,Custom Apps,Marketing Portal,marketing-portal,0,
2026-12-23,Custom Apps,Readonly Long-term archive (DB02 sunset),readonly-archive,0,
2026-12-23,Custom Apps,Store Locator,store-locator,0,
2026-12-23,Reporting,Franchisee Reporting,franchisee-reporting,0,
2026-12-23,Reporting,Internal Reporting,internal-reporting,0,
2026-12-23,Reporting,AD Portal functions replacement,ad-portal-functions-replacement,0,
2026-12-23,Reporting,Vendor Portal functions replacement,vendor-portal-functions-replacement,0,
2026-12-23,Reporting,Automated Reports,marketing-automated-reports,0,
2026-12-23,Data Integration,Dynamics CRM Data feed,dynamics-crm-data-feed,0,
2026-12-23,Data Integration,Raw Sales (automated POS Sales),raw-sales,0,
2026-12-23,Data Integration,Data Delivers (Focus extract),data-delivers-focus,0,
2026-12-23,Data Integration,Data Delivers (NCR Silver),data-delivers-ncr-silver,0,
2026-12-23,Data Integration,Marketing Yext Extract,yext-extract,0,
2026-12-23,CRM Processes,Store Notifications,store-notifications,0,
2026-12-23,CRM Processes,Call Logs,call-logs,0,
2026-12-23,CRM Processes,Credit/Gift cards verification,credit-gift-cards-verification,0,
2026-12-23,CRM Processes,Training Status Updates,training-status-updates,0,
2026-12-23,CRM Processes,Distribution Center Updates,distribution-center-updates,0,
2026-12-23,CRM Processes,Coop Updates,coop-updates,0,
2026-12-23,CRM Processes,Franchisee review processes,franchisee-review-processes,0,
2026-12-23,CRM Processes,FDD processes,fdd-processes,0,
2026-12-23,CRM Processes,POS team tracks POS Type in Raw Sales tool,pos-team-tracks-pos-type,0,
2026-12-23,CRM Processes,POS Fees tracking,pos-fees-tracking,0,
2026-12-30,User Interfaces,Franchisee Portal,franchisee-portal,0,
2026-12-30,User Interfaces,"Self-Service Franchisee tools (job applications, store info, etc.)",self-service-franchisee-tools,0,
2026-12-30,User Interfaces,KTEC/CreativeOnline Replacement (MediaValet?),ktec-creativeonline-replacement,0,
2026-12-30,User Interfaces,SharePoint (SP) On-Prem => SP Online,sharepoint-onprem-online,0,
2026-12-30,User Interfaces,POS website POSHelpNOW.com,pos-website,0,
2026-12-30,Custom Apps,Manual Sales,manual-sales,0,
2026-12-30,Custom Apps,Customer Feedback Mgr/APIs,customer-feedback-mgr-apis,0,
2026-12-30,Custom Apps,Marketing Portal,marketing-portal,0,
2026-12-30,Custom Apps,Readonly Long-term archive (DB02 sunset),readonly-archive,0,
2026-12-30,Custom Apps,Store Locator,store-locator,0,
2026-12-30,Reporting,Franchisee Reporting,franchisee-reporting,0,
2026-12-30,Reporting,Internal Reporting,internal-reporting,0,
2026-12-30,Reporting,AD Portal functions replacement,ad-portal-functions-replacement,0,
2026-12-30,Reporting,Vendor Portal functions replacement,vendor-portal-functions-replacement,0,
2026-12-30,Reporting,Automated Reports,marketing-automated-reports,0,
2026-12-30,Data Integration,Dynamics CRM Data feed,dynamics-crm-data-feed,0,
2026-12-30,Data Integration,Raw Sales (automated POS Sales),raw-sales,0,
2026-12-30,Data Integration,Data Delivers (Focus extract),data-delivers-focus,0,
2026-12-30,Data Integration,Data Delivers (NCR Silver),data-delivers-ncr-silver,0,
2026-12-30,Data Integration,Marketing Yext Extract,yext-extract,0,
2026-12-30,CRM Processes,Store Notifications,store-notifications,0,
2026-12-30,CRM Processes,Call Logs,call-logs,0,
2026-12-30,CRM Processes,Credit/Gift cards verification,credit-gift-cards-verification,0,
2026-12-30,CRM Processes,Training Status Updates,training-status-updates,0,
2026-12-30,CRM Processes,Distribution Center Updates,distribution-center-updates,0,
2026-12-30,CRM Processes,Coop Updates,coop-updates,0,
2026-12-30,CRM Processes,Franchisee review processes,franchisee-review-processes,0,
2026-12-30,CRM Processes,FDD processes,fdd-processes,0,
2026-12-30,CRM Processes,POS team tracks POS Type in Raw Sales tool,pos-team-tracks-pos-type,0,
2026-12-30,CRM Processes,POS Fees tracking,pos-fees-tracking,0,
